transaction_amount,transaction_frequency,average_amount,amount_deviation,time_since_last_transaction,country_change,city_change,device_change,ip_change,merchant_frequency,transactions_last_hour,transactions_last_day,label,is_fraud
24.94,0.0,0.0,0.0,10080.0,0.0,0.0,0.0,0.0,0.0,0.0,0.0,NORMAL,0
24.6,0.0,24.94,0.013632718524458694,2136.2976306,0.0,0.0,0.0,0.0,1.0,0.0,0.0,NORMAL,0
69.19,1.0,24.770000000000003,1.793298344771901,222.25085385,0.0,0.0,0.0,0.0,0.0,0.0,1.0,SUSPICIOUS,0
218.49,2.0,39.57666666666667,4.520677166680705,1054.00845505,1.0,1.0,1.0,1.0,2.0,0.0,2.0,FRAUD,1
34.31,0.0,84.305,0.5930253247138366,1615.1052340166668,0.0,0.0,1.0,0.0,3.0,0.0,0.0,SUSPICIOUS,0
25.9,1.0,74.30600000000001,0.6514413371733104,77.2360041,0.0,0.0,0.0,0.0,0.0,0.0,1.0,SUSPICIOUS,0
28.81,2.0,66.23833333333333,0.5650554814684347,772.7996093666667,0.0,0.0,0.0,0.0,4.0,0.0,2.0,SUSPICIOUS,0
24.77,1.0,60.89142857142857,0.5932103978978979,1010.91831185,0.0,0.0,0.0,0.0,1.0,0.0,1.0,SUSPICIOUS,0
24.42,1.0,56.37625,0.5668388727522671,1151.1912224,0.0,0.0,0.0,0.0,1.0,0.0,1.0,NORMAL,0
23.82,0.0,52.82555555555555,0.5490818837683781,2825.8242010000004,0.0,0.0,0.0,0.0,2.0,0.0,0.0,NORMAL,0
235.4,1.0,49.925,3.7150726089133705,519.2039036833334,1.0,1.0,1.0,1.0,5.0,0.0,1.0,FRAUD,1
24.87,0.0,66.78636363636363,0.627618593888246,1663.1140370166665,0.0,0.0,0.0,0.0,0.0,0.0,0.0,NORMAL,0
32.41,0.0,63.29333333333333,0.48793975142195073,2666.1030256500003,0.0,0.0,0.0,0.0,3.0,0.0,0.0,NORMAL,0
29.55,1.0,60.91769230769231,0.5149192479133257,954.9949035833334,0.0,0.0,0.0,0.0,1.0,0.0,1.0,NORMAL,0
29.95,1.0,58.67714285714286,0.489579782830988,894.8841191833333,0.0,0.0,0.0,0.0,2.0,0.0,1.0,NORMAL,0
30.03,0.0,56.76200000000001,0.47094887424685533,2708.6051896833333,0.0,0.0,0.0,0.0,4.0,0.0,0.0,NORMAL,0
28.23,0.0,55.09125,0.4875774283574978,1580.7715505499998,0.0,0.0,0.0,0.0,5.0,0.0,0.0,NORMAL,0
21.61,1.0,53.51117647058824,0.5961591311325837,932.1442862666667,0.0,0.0,0.0,0.0,3.0,0.0,1.0,NORMAL,0
25.65,2.0,51.738888888888894,0.5042413830129927,493.6930726666667,0.0,0.0,0.0,0.0,6.0,0.0,2.0,NORMAL,0
24.44,2.0,50.36578947368421,0.5147499869376665,578.2994266500001,0.0,0.0,0.0,0.0,4.0,0.0,2.0,NORMAL,0
25.44,0.0,49.0695,0.48155167670345117,2448.14613435,0.0,0.0,0.0,0.0,5.0,0.0,0.0,NORMAL,0
22.54,1.0,47.94428571428572,0.5298709811984149,707.21127935,0.0,0.0,0.0,0.0,6.0,0.0,1.0,NORMAL,0
27.04,2.0,46.78954545454546,0.4220931249210683,634.9494272,0.0,0.0,0.0,0.0,6.0,0.0,2.0,SUSPICIOUS,0
34.87,2.0,45.93086956521739,0.24081559243096912,389.2165893666667,0.0,0.0,0.0,0.0,7.0,0.0,2.0,NORMAL,0
26.82,0.0,45.47,0.41016054541455904,2348.3287020666667,0.0,0.0,0.0,0.0,7.0,0.0,0.0,SUSPICIOUS,0
173.85,0.0,0.0,0.0,10080.0,0.0,0.0,0.0,0.0,0.0,0.0,0.0,NORMAL,0
571.09,1.0,173.85,2.2849582973828015,1270.1938330500002,0.0,0.0,0.0,0.0,1.0,0.0,1.0,SUSPICIOUS,0
244.95,1.0,372.47,0.34236314334040335,1106.8434304500001,0.0,0.0,0.0,0.0,2.0,0.0,1.0,NORMAL,0
225.01,1.0,329.9633333333333,0.31807574578993625,1177.4405884166667,0.0,0.0,0.0,0.0,0.0,0.0,1.0,NORMAL,0
845.33,0.0,303.725,1.7832084945262985,2218.3930496333332,1.0,1.0,1.0,1.0,3.0,0.0,0.0,FRAUD,1
204.28,0.0,412.046,0.5042301102304112,2568.5777916166667,0.0,0.0,1.0,0.0,1.0,0.0,0.0,SUSPICIOUS,0
245.34,1.0,377.41833333333335,0.34995208676490724,972.0363085833334,0.0,0.0,0.0,0.0,4.0,0.0,1.0,NORMAL,0
1645.78,0.0,358.55,3.59009900990099,2648.7626178,1.0,1.0,1.0,1.0,0.0,0.0,0.0,FRAUD,1
206.58,1.0,519.45375,0.6023130066921261,753.6892462,0.0,0.0,0.0,0.0,5.0,0.0,1.0,NORMAL,0
158.14,0.0,484.69,0.6737296003631187,2193.7741804833336,0.0,0.0,0.0,0.0,2.0,0.0,0.0,NORMAL,0
888.52,1.0,452.035,0.9656000088488722,155.69403808333334,1.0,1.0,1.0,1.0,1.0,0.0,1.0,FRAUD,1
266.94,2.0,491.7154545454545,0.4571250556955519,64.57216978333334,0.0,0.0,0.0,0.0,2.0,0.0,2.0,NORMAL,0
259.75,2.0,472.9841666666667,0.4508272828019261,1342.5076684,0.0,0.0,0.0,0.0,3.0,0.0,2.0,NORMAL,0
215.06,0.0,456.5815384615385,0.5289778891966386,1751.22929745,0.0,0.0,0.0,0.0,6.0,0.0,0.0,SUSPICIOUS,0
1087.2,0.0,439.33,1.4746773496005283,1660.83979745,1.0,1.0,1.0,1.0,4.0,0.0,0.0,FRAUD,1
682.68,0.0,482.5213333333333,0.4148182740106828,2226.11006335,0.0,0.0,0.0,0.0,7.0,0.0,0.0,SUSPICIOUS,0
200.03,1.0,495.03125,0.5959244997159271,986.69839655,0.0,0.0,0.0,0.0,8.0,0.0,1.0,SUSPICIOUS,0
201.19,0.0,477.67823529411766,0.5788168998821506,1832.6715949333334,0.0,0.0,0.0,0.0,3.0,0.0,0.0,SUSPICIOUS,0
1875.77,0.0,462.31777777777774,3.057317477636835,1776.13210555,0.0,1.0,1.0,0.0,9.0,0.0,0.0,FRAUD,1
1677.75,1.0,536.71,2.125989826908386,711.5531159833333,0.0,0.0,1.0,1.0,4.0,0.0,1.0,FRAUD,1
168.66,1.0,593.762,0.7159467934963841,940.0907185166667,0.0,0.0,0.0,0.0,10.0,0.0,1.0,NORMAL,0
222.07,1.0,573.5190476190476,0.612794028512359,809.7384946166666,0.0,0.0,0.0,0.0,5.0,0.0,1.0,NORMAL,0
205.22,0.0,557.5440909090909,0.6319214868453126,2075.4945846333335,0.0,0.0,0.0,0.0,6.0,0.0,0.0,NORMAL,0
218.04,0.0,542.2256521739131,0.597879592885683,2051.8350762,0.0,0.0,0.0,0.0,11.0,0.0,0.0,NORMAL,0
256.92,1.0,528.7179166666666,0.5140698056540861,886.0361306,0.0,0.0,0.0,0.0,12.0,0.0,1.0,NORMAL,0
46.2,0.0,0.0,0.0,10080.0,0.0,0.0,0.0,0.0,0.0,0.0,0.0,NORMAL,0
49.75,1.0,46.2,0.07683982683982678,559.4872593833334,0.0,0.0,0.0,0.0,0.0,0.0,1.0,NORMAL,0
44.35,0.0,47.975,0.07556018759770713,2128.7497741833336,0.0,0.0,0.0,0.0,1.0,0.0,0.0,NORMAL,0
153.95,1.0,46.76666666666667,2.291874554526015,874.71705015,0.0,0.0,0.0,0.0,2.0,0.0,1.0,SUSPICIOUS,0
39.25,0.0,73.5625,0.46644010195412067,2010.3775872166666,0.0,0.0,0.0,0.0,3.0,0.0,0.0,NORMAL,0
42.73,1.0,66.7,0.3593703148425788,1271.90732585,0.0,0.0,0.0,0.0,1.0,0.0,1.0,NORMAL,0
44.65,1.0,62.705000000000005,0.28793557132605063,333.88644245,0.0,0.0,0.0,0.0,0.0,0.0,1.0,NORMAL,0
44.56,2.0,60.12571428571429,0.2588861433187607,434.7938577833333,0.0,0.0,0.0,0.0,4.0,0.0,2.0,NORMAL,0
51.12,3.0,58.18,0.121347542110691,346.42978980000004,0.0,0.0,0.0,0.0,0.0,0.0,3.0,SUSPICIOUS,0
43.06,2.0,57.395555555555546,0.24976769397553028,883.6628221666667,0.0,0.0,0.0,0.0,1.0,0.0,2.0,NORMAL,0
42.4,1.0,55.962,0.24234301847682363,612.4864113,0.0,0.0,0.0,0.0,5.0,0.0,1.0,NORMAL,0
44.93,1.0,54.72909090909091,0.1790472077339623,1180.0795038166666,0.0,0.0,0.0,0.0,6.0,0.0,1.0,NORMAL,0
46.8,1.0,53.9125,0.13192673313239053,671.2626981166667,0.0,0.0,0.0,0.0,0.0,0.0,1.0,SUSPICIOUS,0
247.28,0.0,53.36538461538461,3.6337153153153157,1906.2400651666665,1.0,1.0,1.0,1.0,2.0,0.0,0.0,FRAUD,1
40.44,1.0,67.21642857142857,0.3983613699882044,177.3997255666667,0.0,0.0,1.0,0.0,7.0,0.0,1.0,SUSPICIOUS,0
47.38,0.0,65.43133333333334,0.27588209522451024,2715.2515159000004,0.0,0.0,0.0,0.0,8.0,0.0,0.0,NORMAL,0
61.12,0.0,64.303125,0.049501871021042865,1724.7573667,0.0,0.0,0.0,0.0,1.0,0.0,0.0,SUSPICIOUS,0
315.43,0.0,64.11588235294118,3.9196858629136577,2738.5597624166667,1.0,1.0,1.0,1.0,9.0,0.0,0.0,FRAUD,1
42.62,0.0,78.07777777777778,0.4541340543617476,2871.2212949500004,0.0,0.0,0.0,0.0,2.0,0.0,0.0,NORMAL,0
51.33,0.0,76.21157894736842,0.32648029723346367,1931.9637063666667,0.0,0.0,0.0,0.0,3.0,0.0,0.0,SUSPICIOUS,0
454.03,1.0,74.9675,5.056357755027179,834.3379438666667,1.0,1.0,1.0,1.0,10.0,0.0,1.0,FRAUD,1
51.86,1.0,93.01809523809523,0.4424740705853443,1193.6735184833333,0.0,0.0,0.0,0.0,4.0,0.0,1.0,NORMAL,0
36.3,1.0,91.14727272727272,0.6017434322076161,1276.42570675,0.0,0.0,0.0,0.0,3.0,0.0,1.0,NORMAL,0
337.71,1.0,88.76260869565218,2.8046425737433505,354.9785635833333,1.0,1.0,1.0,1.0,4.0,0.0,1.0,FRAUD,1
383.69,0.0,99.13541666666667,2.870362509194073,2857.747018616667,0.0,0.0,1.0,1.0,5.0,0.0,0.0,FRAUD,1
186.7,0.0,0.0,0.0,10080.0,0.0,0.0,0.0,0.0,0.0,0.0,0.0,NORMAL,0
229.71,0.0,186.7,0.23036957686127488,2655.4490629,0.0,0.0,0.0,0.0,0.0,0.0,0.0,NORMAL,0
156.22,1.0,208.20499999999998,0.24968180399125856,982.8014487166668,0.0,0.0,0.0,0.0,0.0,0.0,1.0,SUSPICIOUS,0
190.95,0.0,190.87666666666667,0.00038419223582412807,2412.9058015666665,0.0,0.0,0.0,0.0,1.0,0.0,0.0,NORMAL,0
213.19,0.0,190.89499999999998,0.1167919536918202,1592.2106566666666,0.0,0.0,0.0,0.0,1.0,0.0,0.0,NORMAL,0
273.1,0.0,195.35399999999998,0.3979749582808647,2824.74629045,0.0,0.0,0.0,0.0,2.0,0.0,0.0,NORMAL,0
592.98,0.0,208.31166666666664,1.8466000464048267,2032.8249300666669,0.0,0.0,0.0,0.0,3.0,0.0,0.0,SUSPICIOUS,0
184.43,0.0,263.2642857142857,0.29944922267140556,2780.4262181666663,0.0,0.0,0.0,0.0,2.0,0.0,0.0,NORMAL,0
214.56,0.0,253.41,0.15330886705339172,2082.303560433333,0.0,0.0,0.0,0.0,4.0,0.0,0.0,NORMAL,0
259.77,0.0,249.09333333333336,0.042862113264104294,2252.1036871166666,0.0,0.0,0.0,0.0,5.0,0.0,0.0,NORMAL,0
168.07,1.0,250.161,0.32815266968072565,1098.1470084833334,0.0,0.0,0.0,0.0,0.0,0.0,1.0,NORMAL,0
297.68,2.0,242.6981818181818,0.22654400527404042,202.6412274,0.0,0.0,0.0,0.0,1.0,0.0,2.0,NORMAL,0
269.74,0.0,247.28,0.09082821093497254,2191.3024976666666,0.0,0.0,0.0,0.0,1.0,0.0,0.0,SUSPICIOUS,0
207.38,0.0,249.0076923076923,0.1671743226962405,2602.4407543333336,0.0,0.0,0.0,0.0,6.0,0.0,0.0,NORMAL,0
233.62,0.0,246.03428571428572,0.05045754366406539,1532.5719983666668,0.0,0.0,0.0,0.0,3.0,0.0,0.0,NORMAL,0
243.37,1.0,245.20666666666665,0.007490280307767509,232.9550398,0.0,0.0,1.0,0.0,2.0,0.0,1.0,SUSPICIOUS,0
249.28,1.0,245.09187500000002,0.01708797976269097,1326.8056146333333,0.0,0.0,0.0,0.0,3.0,0.0,1.0,NORMAL,0
269.7,0.0,245.33823529411765,0.0992986872864592,1576.9230474666665,0.0,0.0,0.0,0.0,4.0,0.0,0.0,NORMAL,0
208.52,1.0,246.69166666666666,0.15473431746782415,1318.9461256,0.0,0.0,0.0,0.0,4.0,0.0,1.0,NORMAL,0
268.49,1.0,244.6826315789474,0.09729897160016082,687.7291873333332,0.0,0.0,0.0,0.0,5.0,0.0,1.0,NORMAL,0
213.8,1.0,245.873,0.13044539254005108,794.8566126333334,0.0,0.0,0.0,0.0,7.0,0.0,1.0,NORMAL,0
229.72,0.0,244.3457142857143,0.059856643397528185,2235.479575383333,0.0,0.0,0.0,0.0,5.0,0.0,0.0,NORMAL,0
243.86,0.0,243.68090909090913,0.0007349402534610356,2177.529228433333,0.0,0.0,0.0,0.0,0.0,0.0,0.0,SUSPICIOUS,0
245.29,1.0,243.68869565217392,0.006571106400896309,893.8731084833333,0.0,0.0,0.0,0.0,6.0,0.0,1.0,NORMAL,0
204.67,1.0,243.75541666666666,0.160346864086781,1200.1558904833332,0.0,0.0,0.0,0.0,7.0,0.0,1.0,NORMAL,0
1577.02,0.0,0.0,0.0,10080.0,0.0,0.0,0.0,0.0,0.0,0.0,0.0,FRAUD,1
187.16,0.0,1577.02,0.8813204651811645,2278.4199777166664,1.0,1.0,1.0,1.0,0.0,0.0,0.0,NORMAL,0
170.73,0.0,882.09,0.8064483215998367,1939.7087695,0.0,0.0,0.0,0.0,1.0,0.0,0.0,NORMAL,0
810.13,0.0,644.9699999999999,0.25607392591903516,1786.5776958833333,1.0,1.0,1.0,1.0,0.0,0.0,0.0,FRAUD,1
890.54,1.0,686.26,0.2976714364817999,407.71913394999996,0.0,0.0,1.0,1.0,2.0,0.0,1.0,FRAUD,1
218.23,0.0,727.116,0.6998690717849696,1694.0161531,0.0,0.0,0.0,0.0,0.0,0.0,0.0,SUSPICIOUS,0
165.84,0.0,642.3016666666666,0.7418035658218749,2704.8385108666666,0.0,0.0,0.0,0.0,1.0,0.0,0.0,NORMAL,0
1181.87,1.0,574.2357142857143,1.0581617802544996,1048.3596753833333,0.0,1.0,1.0,0.0,3.0,0.0,1.0,FRAUD,1
185.57,0.0,650.1899999999999,0.7145911195189099,1910.7973531833334,0.0,0.0,0.0,0.0,2.0,0.0,0.0,NORMAL,0
199.37,0.0,598.5655555555555,0.6669203596004522,1628.5971027666667,0.0,0.0,0.0,0.0,4.0,0.0,0.0,NORMAL,0
219.47,1.0,558.646,0.6071394049183203,950.2801565666667,0.0,0.0,0.0,0.0,5.0,0.0,1.0,NORMAL,0
182.28,0.0,527.8118181818181,0.6546496426929019,2300.9287289,0.0,0.0,0.0,0.0,6.0,0.0,0.0,NORMAL,0
183.6,1.0,499.0175,0.6320770313666355,1035.5883104666666,0.0,0.0,1.0,0.0,7.0,0.0,1.0,SUSPICIOUS,0
199.37,0.0,474.75461538461536,0.5800567418634079,1517.96980345,0.0,0.0,0.0,0.0,0.0,0.0,0.0,SUSPICIOUS,0
180.65,1.0,455.08428571428567,0.6030405670535128,319.42122475,0.0,0.0,0.0,0.0,3.0,0.0,1.0,NORMAL,0
179.52,0.0,436.78866666666664,0.5890003251000101,2875.9383341333332,0.0,0.0,0.0,0.0,1.0,0.0,0.0,SUSPICIOUS,0
178.84,1.0,420.70937499999997,0.5749084507565346,217.21231711666667,0.0,0.0,0.0,0.0,8.0,0.0,1.0,NORMAL,0
223.8,0.0,406.4817647058823,0.44942179592746356,1581.97639145,0.0,0.0,0.0,0.0,1.0,0.0,0.0,NORMAL,0
165.92,0.0,396.3327777777778,0.5813619026659695,1745.9965988666665,0.0,0.0,0.0,0.0,4.0,0.0,0.0,NORMAL,0
190.98,1.0,384.2057894736842,0.5029226387722588,980.0894725333333,0.0,0.0,0.0,0.0,5.0,0.0,1.0,NORMAL,0
194.15,1.0,374.54449999999997,0.4816370284438831,1232.5197540000001,0.0,0.0,0.0,0.0,2.0,0.0,1.0,NORMAL,0
180.18,0.0,365.95428571428573,0.5076434215046376,2396.5124074833334,0.0,0.0,0.0,0.0,9.0,0.0,0.0,NORMAL,0
160.11,0.0,357.51,0.5521523873458084,1605.0094941666669,0.0,0.0,0.0,0.0,6.0,0.0,0.0,NORMAL,0
217.65,0.0,348.92739130434785,0.37623125778005395,2162.316935216667,0.0,0.0,0.0,0.0,3.0,0.0,0.0,SUSPICIOUS,0
131.53,1.0,343.4575,0.617041409781414,1016.6311376833333,0.0,0.0,0.0,0.0,4.0,0.0,1.0,NORMAL,0
65.59,0.0,0.0,0.0,10080.0,0.0,0.0,0.0,0.0,0.0,0.0,0.0,NORMAL,0
371.9,0.0,65.59,4.670071657264826,2434.97593365,1.0,1.0,1.0,1.0,0.0,0.0,0.0,FRAUD,1
76.98,0.0,218.745,0.6480833847630803,2505.9854185833333,0.0,0.0,0.0,0.0,1.0,0.0,0.0,NORMAL,0
395.18,0.0,171.49,1.3043909265846405,2135.5450759,1.0,1.0,1.0,1.0,1.0,0.0,0.0,FRAUD,1
67.73,1.0,227.4125,0.7021711647336888,157.19776715,0.0,0.0,0.0,0.0,2.0,0.0,1.0,NORMAL,0
65.98,2.0,195.476,0.6624649573349157,1279.5066882333333,0.0,0.0,0.0,0.0,3.0,0.0,2.0,NORMAL,0
74.68,1.0,173.89333333333332,0.5705413280171752,998.02678665,0.0,0.0,0.0,0.0,2.0,0.0,1.0,NORMAL,0
306.43,1.0,159.72,0.9185449536689206,639.7699836333334,0.0,0.0,1.0,1.0,3.0,0.0,1.0,FRAUD,1
69.76,2.0,178.05875,0.6082191973154928,28.215751483333335,0.0,0.0,0.0,0.0,0.0,1.0,2.0,SUSPICIOUS,0
65.34,3.0,166.02555555555557,0.6064461294445969,667.3381979999999,0.0,0.0,0.0,0.0,4.0,0.0,3.0,NORMAL,0
408.28,4.0,155.957,1.6179010881204434,59.863176149999994,0.0,0.0,1.0,1.0,0.0,1.0,4.0,FRAUD,1
576.02,2.0,178.89545454545453,2.2198694006148845,1170.0628505,1.0,1.0,1.0,1.0,1.0,0.0,2.0,FRAUD,1
166.1,2.0,211.98916666666665,0.2164693950555649,232.0317294333333,0.0,0.0,0.0,0.0,5.0,0.0,2.0,SUSPICIOUS,0
61.03,0.0,208.45923076923074,0.7072329213976538,1825.8876928666666,0.0,0.0,0.0,0.0,6.0,0.0,0.0,NORMAL,0
46.09,0.0,197.92857142857142,0.7671382172500902,2348.4163545333336,0.0,0.0,0.0,0.0,4.0,0.0,0.0,NORMAL,0
47.57,1.0,187.806,0.7467067079859004,504.6361905,0.0,0.0,0.0,0.0,2.0,0.0,1.0,NORMAL,0
64.12,0.0,179.04125,0.6418702394001382,2189.886927966667,0.0,0.0,0.0,0.0,5.0,0.0,0.0,NORMAL,0
74.17,1.0,172.28117647058824,0.5694828563429141,1269.8783341666667,0.0,0.0,0.0,0.0,3.0,0.0,1.0,NORMAL,0
67.45,1.0,166.83055555555555,0.5956975640620057,898.1121626500001,0.0,0.0,0.0,0.0,7.0,0.0,1.0,NORMAL,0
42.81,2.0,161.6,0.7350866336633664,226.52489736666666,0.0,0.0,0.0,0.0,0.0,0.0,2.0,SUSPICIOUS,0
52.09,1.0,155.6605,0.665361475775807,1298.5346643,0.0,0.0,1.0,0.0,4.0,0.0,1.0,SUSPICIOUS,0
500.41,0.0,150.72857142857143,2.3199412377973654,1446.9296255833333,1.0,1.0,1.0,1.0,8.0,0.0,0.0,FRAUD,1
63.09,1.0,166.62318181818182,0.6213612096974392,1268.8982295333333,0.0,0.0,0.0,0.0,9.0,0.0,1.0,NORMAL,0
61.41,0.0,162.1217391304348,0.6212105771293714,2644.150331916667,0.0,0.0,0.0,0.0,5.0,0.0,0.0,NORMAL,0
60.72,1.0,157.92541666666668,0.6155147076283373,277.6100931666667,0.0,0.0,0.0,0.0,6.0,0.0,1.0,NORMAL,0
734.98,0.0,0.0,0.0,10080.0,0.0,0.0,0.0,0.0,0.0,0.0,0.0,FRAUD,1
115.55,0.0,734.98,0.8427848376826581,2043.1889573,1.0,1.0,1.0,1.0,1.0,0.0,0.0,NORMAL,0
473.21,0.0,425.265,0.1127414670852292,1931.9145335833334,0.0,0.0,0.0,0.0,0.0,0.0,0.0,SUSPICIOUS,0
315.22,1.0,441.24666666666667,0.2856149999244564,988.1387599000001,0.0,0.0,0.0,0.0,2.0,0.0,1.0,SUSPICIOUS,0
132.46,0.0,409.74,0.6767218235954507,2432.8871890833334,0.0,0.0,0.0,0.0,1.0,0.0,0.0,NORMAL,0
133.4,1.0,354.284,0.623465919996387,472.29848755,0.0,0.0,1.0,0.0,3.0,0.0,1.0,SUSPICIOUS,0
357.22,1.0,317.46999999999997,0.12520868113522557,1052.9965162166668,0.0,0.0,0.0,0.0,2.0,0.0,1.0,SUSPICIOUS,0
107.61,0.0,323.1485714285714,0.6669952785980795,2329.9850055166667,0.0,0.0,0.0,0.0,3.0,0.0,0.0,NORMAL,0
599.22,0.0,296.20625,1.0229822969636866,2728.0521092833337,1.0,1.0,1.0,1.0,0.0,0.0,0.0,FRAUD,1
439.22,0.0,329.8744444444444,0.3314762855901406,1848.74855005,0.0,0.0,0.0,0.0,1.0,0.0,0.0,SUSPICIOUS,0
808.23,1.0,340.809,1.371504273654745,790.0021950333334,1.0,1.0,1.0,0.0,4.0,0.0,1.0,FRAUD,1
116.28,1.0,383.30181818181813,0.6966359289617486,1145.4086967666667,0.0,0.0,0.0,0.0,2.0,0.0,1.0,NORMAL,0
130.16,1.0,361.05,0.6394959146932558,651.3243922333334,0.0,0.0,0.0,0.0,5.0,0.0,1.0,NORMAL,0
131.82,0.0,343.2892307692308,0.6160089272109637,2390.7347899833335,0.0,0.0,0.0,0.0,3.0,0.0,0.0,NORMAL,0
1007.87,0.0,328.1842857142857,2.0710489315671947,1774.5108910833333,1.0,1.0,1.0,1.0,6.0,0.0,0.0,FRAUD,1
100.88,1.0,373.49666666666667,0.7299038813376291,834.0039352833334,0.0,0.0,0.0,0.0,4.0,0.0,1.0,NORMAL,0
117.81,0.0,356.458125,0.6694983457032997,1842.3472782666665,0.0,0.0,0.0,0.0,5.0,0.0,0.0,NORMAL,0
118.63,0.0,342.42,0.6535541148297412,1487.1898486166667,0.0,0.0,0.0,0.0,6.0,0.0,0.0,NORMAL,0
109.69,1.0,329.9872222222223,0.667593189635289,10.495901466666668,0.0,0.0,0.0,0.0,4.0,1.0,1.0,NORMAL,0
513.52,2.0,318.3926315789474,0.6128513950005454,1042.37519965,1.0,1.0,1.0,1.0,7.0,0.0,2.0,FRAUD,1
115.85,3.0,328.149,0.64695915574937,52.6801722,0.0,0.0,0.0,0.0,0.0,1.0,3.0,SUSPICIOUS,0
113.45,0.0,318.0395238095238,0.6432833295652083,2180.6952346000003,0.0,0.0,0.0,0.0,5.0,0.0,0.0,NORMAL,0
124.53,1.0,308.74,0.5966509036729934,509.20615115,0.0,0.0,0.0,0.0,0.0,0.0,1.0,SUSPICIOUS,0
129.37,2.0,300.7308695652174,0.5698146978159007,112.29141303333334,0.0,0.0,0.0,0.0,8.0,0.0,2.0,NORMAL,0
120.75,0.0,293.59083333333336,0.5887133170029719,2688.5081963833336,0.0,0.0,0.0,0.0,7.0,0.0,0.0,NORMAL,0
202.41,0.0,0.0,0.0,10080.0,0.0,0.0,0.0,0.0,0.0,0.0,0.0,NORMAL,0
212.84,0.0,202.41,0.05152907465046197,2303.3100907,0.0,0.0,0.0,0.0,0.0,0.0,0.0,NORMAL,0
242.66,0.0,207.625,0.1687417218543046,1995.00484345,0.0,0.0,0.0,0.0,0.0,0.0,0.0,NORMAL,0
248.3,1.0,219.3033333333333,0.13222173245580718,1226.0120266333333,0.0,0.0,0.0,0.0,1.0,0.0,1.0,NORMAL,0
242.35,1.0,226.5525,0.06972997428852025,855.6692144000001,0.0,0.0,0.0,0.0,1.0,0.0,1.0,NORMAL,0
186.19,1.0,229.712,0.18946332799331334,1281.7926872833334,0.0,0.0,0.0,0.0,2.0,0.0,1.0,NORMAL,0
178.54,1.0,222.45833333333334,0.19742273834051327,170.84707685,0.0,0.0,0.0,0.0,2.0,0.0,1.0,NORMAL,0
208.54,0.0,216.18428571428572,0.03536004334925897,2308.349833766667,0.0,0.0,0.0,0.0,3.0,0.0,0.0,NORMAL,0
191.81,1.0,215.22875,0.10880865126057736,368.78508985,0.0,0.0,0.0,0.0,3.0,0.0,1.0,NORMAL,0
184.71,0.0,212.62666666666667,0.13129428732676987,2734.7684795500004,0.0,0.0,0.0,0.0,4.0,0.0,0.0,NORMAL,0
265.45,0.0,209.83499999999998,0.265041580289275,1655.4511909333335,0.0,0.0,0.0,0.0,4.0,0.0,0.0,NORMAL,0
1055.78,1.0,214.8909090909091,3.9130975547846685,806.9543883499999,1.0,1.0,1.0,1.0,5.0,0.0,1.0,FRAUD,1
1079.96,1.0,284.965,2.789798747214571,826.7479465,1.0,1.0,1.0,1.0,1.0,0.0,1.0,FRAUD,1
2096.94,0.0,346.11846153846153,5.058445974477391,2056.2250764,1.0,1.0,1.0,1.0,5.0,0.0,0.0,FRAUD,1
932.66,1.0,471.1771428571429,0.9794253905113028,650.4704022166667,1.0,1.0,1.0,1.0,6.0,0.0,1.0,FRAUD,1
181.44,0.0,501.9426666666667,0.6385244529919752,2831.1763662666663,0.0,0.0,0.0,0.0,7.0,0.0,0.0,NORMAL,0
256.24,1.0,481.91125,0.4682838385698611,1381.6835259,0.0,0.0,0.0,0.0,2.0,0.0,1.0,NORMAL,0
206.79,0.0,468.6364705882353,0.5587411288318301,2800.6193483666666,0.0,0.0,0.0,0.0,6.0,0.0,0.0,NORMAL,0
222.4,0.0,454.08944444444444,0.5102286504983722,2388.700414666667,0.0,0.0,0.0,0.0,8.0,0.0,0.0,NORMAL,0
239.49,0.0,441.89526315789476,0.45803899709504875,1451.23052225,0.0,0.0,0.0,0.0,0.0,0.0,0.0,SUSPICIOUS,0
1161.49,1.0,431.775,1.690035319321406,1000.47033865,0.0,0.0,1.0,1.0,9.0,0.0,1.0,FRAUD,1
195.17,1.0,466.5233333333333,0.5816500782383162,876.31791795,0.0,0.0,0.0,0.0,3.0,0.0,1.0,NORMAL,0
879.97,0.0,454.1890909090909,0.9374529631230886,1745.1692212,0.0,0.0,0.0,0.0,4.0,0.0,0.0,SUSPICIOUS,0
198.95,0.0,472.70130434782607,0.579121110582747,2221.918287916667,0.0,0.0,0.0,0.0,7.0,0.0,0.0,NORMAL,0
194.04,0.0,461.295,0.5793581114037655,1808.4693656000002,0.0,0.0,0.0,0.0,5.0,0.0,0.0,NORMAL,0
117.42,0.0,0.0,0.0,10080.0,0.0,0.0,0.0,0.0,0.0,0.0,0.0,NORMAL,0
108.15,1.0,117.42,0.0789473684210526,1397.7377479333334,0.0,0.0,0.0,0.0,1.0,0.0,1.0,NORMAL,0
473.4,1.0,112.785,3.1973666710998803,923.7153124666667,1.0,1.0,1.0,1.0,0.0,0.0,1.0,FRAUD,1
83.71,1.0,232.99,0.6407141937422208,1298.1389384833335,0.0,0.0,0.0,0.0,0.0,0.0,1.0,NORMAL,0
100.3,0.0,195.67,0.4874022589052997,2489.606905933333,0.0,0.0,0.0,0.0,2.0,0.0,0.0,NORMAL,0
713.02,1.0,176.596,3.037577295068971,463.95009178333333,1.0,1.0,1.0,1.0,1.0,0.0,1.0,FRAUD,1
98.05,0.0,266.0,0.631390977443609,2784.2573762,0.0,0.0,0.0,0.0,1.0,0.0,0.0,NORMAL,0
122.35,0.0,242.00714285714284,0.49443640978719633,2428.3498852333337,0.0,0.0,0.0,0.0,2.0,0.0,0.0,NORMAL,0
106.85,1.0,227.04999999999998,0.5293988108346179,1244.4864091000002,0.0,0.0,0.0,0.0,0.0,0.0,1.0,SUSPICIOUS,0
103.48,1.0,213.69444444444446,0.5157571818536332,1047.8933320666667,0.0,0.0,0.0,0.0,3.0,0.0,1.0,NORMAL,0
616.06,1.0,202.673,2.039674747006261,809.9172274833332,1.0,1.0,1.0,1.0,3.0,0.0,1.0,FRAUD,1
118.94,0.0,240.25363636363636,0.5049398552287545,1469.2181116333334,0.0,0.0,0.0,0.0,4.0,0.0,0.0,NORMAL,0
108.67,0.0,230.14416666666668,0.527817708465346,2056.862966333333,0.0,0.0,0.0,0.0,0.0,0.0,0.0,SUSPICIOUS,0
915.72,1.0,220.8,3.1472826086956522,473.03087985,1.0,1.0,1.0,1.0,4.0,0.0,1.0,FRAUD,1
90.47,0.0,270.4371428571429,0.6654675498927662,2350.4621467499996,0.0,0.0,0.0,0.0,5.0,0.0,0.0,NORMAL,0
132.74,0.0,258.43933333333337,0.4863784924379416,2512.412853983333,0.0,0.0,0.0,0.0,6.0,0.0,0.0,NORMAL,0
83.57,0.0,250.583125,0.666497893663031,2256.0660713666666,0.0,0.0,0.0,0.0,0.0,0.0,0.0,SUSPICIOUS,0
104.38,0.0,240.75882352941176,0.5664541034474334,2232.21801715,0.0,0.0,0.0,0.0,7.0,0.0,0.0,NORMAL,0
88.3,0.0,233.1822222222222,0.6213261922006632,2731.1416608333334,0.0,0.0,0.0,0.0,2.0,0.0,0.0,NORMAL,0
109.81,1.0,225.55684210526314,0.5131604123595872,591.9846960833333,0.0,0.0,0.0,0.0,8.0,0.0,1.0,NORMAL,0
74.65,2.0,219.76950000000002,0.6603259323973527,402.84906415,0.0,0.0,0.0,0.0,9.0,0.0,2.0,NORMAL,0
128.91,1.0,212.85904761904763,0.394387969682598,1327.0729910166667,0.0,0.0,0.0,0.0,10.0,0.0,1.0,NORMAL,0
880.74,1.0,209.0431818181818,3.2131964905032673,1397.5336122666668,1.0,1.0,1.0,1.0,5.0,0.0,1.0,FRAUD,1
86.46,1.0,238.24739130434781,0.6370999089364544,1384.9550382833334,0.0,0.0,0.0,0.0,6.0,0.0,1.0,NORMAL,0
98.92,0.0,231.92291666666665,0.573478975593543,1654.1723343333333,0.0,0.0,0.0,0.0,7.0,0.0,0.0,NORMAL,0
1132.55,0.0,0.0,0.0,10080.0,0.0,0.0,0.0,0.0,0.0,0.0,0.0,FRAUD,1
197.92,1.0,1132.55,0.8252439185907907,319.91719543333335,1.0,1.0,1.0,1.0,0.0,0.0,1.0,SUSPICIOUS,0
182.15,2.0,665.235,0.7261869865536239,156.85944105,0.0,0.0,0.0,0.0,0.0,0.0,2.0,NORMAL,0
278.69,0.0,504.20666666666665,0.44727029921593,2221.181650966667,0.0,0.0,0.0,0.0,1.0,0.0,0.0,NORMAL,0
190.72,1.0,447.8275,0.5741217321401655,1378.1870477500001,0.0,0.0,0.0,0.0,0.0,0.0,1.0,NORMAL,0
917.74,0.0,396.406,1.3151516374626016,1862.3106160166667,1.0,1.0,1.0,1.0,2.0,0.0,0.0,FRAUD,1
2090.16,0.0,483.295,3.3248119678457253,2649.030449266667,1.0,1.0,1.0,1.0,1.0,0.0,0.0,FRAUD,1
257.99,0.0,712.8471428571428,0.638085103398244,1638.32241055,0.0,0.0,0.0,0.0,1.0,0.0,0.0,NORMAL,0
1923.55,1.0,655.99,1.9322855531334318,1425.5042960666665,0.0,0.0,1.0,1.0,2.0,0.0,1.0,FRAUD,1
207.51,1.0,796.8299999999999,0.739580588080268,745.3792657833333,0.0,0.0,0.0,0.0,3.0,0.0,1.0,NORMAL,0
198.29,0.0,737.8979999999999,0.7312772225971611,1761.8832320333333,0.0,0.0,0.0,0.0,4.0,0.0,0.0,NORMAL,0
141.66,1.0,688.8427272727272,0.7943507358191011,948.4612172166667,0.0,0.0,0.0,0.0,3.0,0.0,1.0,NORMAL,0
228.06,2.0,643.2441666666666,0.6454534501543607,25.629766433333334,0.0,0.0,0.0,0.0,2.0,1.0,2.0,NORMAL,0
202.08,2.0,611.3069230769231,0.6694295576060872,873.7923432666666,0.0,0.0,0.0,0.0,1.0,0.0,2.0,SUSPICIOUS,0
235.76,1.0,582.0764285714286,0.5949672784747216,1343.5452039666666,0.0,0.0,0.0,0.0,5.0,0.0,1.0,NORMAL,0
181.71,0.0,558.9886666666666,0.6749307976428859,2638.9587289333335,0.0,0.0,0.0,0.0,4.0,0.0,0.0,NORMAL,0
222.19,0.0,535.4087499999999,0.5850086499333452,2847.920302483333,0.0,0.0,0.0,0.0,5.0,0.0,0.0,NORMAL,0
213.52,0.0,516.9841176470588,0.5869892464554037,1961.30267785,0.0,0.0,0.0,0.0,6.0,0.0,0.0,NORMAL,0
204.69,0.0,500.125,0.590722319420145,1627.4209078166668,0.0,0.0,0.0,0.0,6.0,0.0,0.0,NORMAL,0
204.95,1.0,484.5757894736842,0.5770527449945367,949.0100908666667,0.0,0.0,0.0,0.0,7.0,0.0,1.0,NORMAL,0
210.18,0.0,470.5945,0.5533734457160039,1472.8187674833332,0.0,0.0,1.0,0.0,8.0,0.0,0.0,SUSPICIOUS,0
242.02,1.0,458.19380952380953,0.471795569976107,1318.8388192,0.0,0.0,0.0,0.0,9.0,0.0,1.0,NORMAL,0
220.69,2.0,448.3677272727273,0.5077924065980745,14.666465350000001,0.0,0.0,0.0,0.0,3.0,1.0,2.0,NORMAL,0
250.04,2.0,438.46869565217395,0.4297426418821234,996.1759625,0.0,0.0,0.0,0.0,4.0,0.0,2.0,NORMAL,0
223.9,0.0,430.6175,0.4800489994020215,2216.025707866667,0.0,0.0,0.0,0.0,5.0,0.0,0.0,SUSPICIOUS,0
275.27,0.0,0.0,0.0,10080.0,0.0,0.0,0.0,0.0,0.0,0.0,0.0,NORMAL,0
247.39,0.0,275.27,0.10128237730228502,2859.44163445,0.0,0.0,0.0,0.0,0.0,0.0,0.0,NORMAL,0
1776.3,0.0,261.33,5.797153024911032,2179.2596383,1.0,1.0,1.0,1.0,1.0,0.0,0.0,FRAUD,1
751.36,0.0,766.32,0.01952187075895192,2521.3482938666666,0.0,0.0,0.0,0.0,2.0,0.0,0.0,SUSPICIOUS,0
260.25,1.0,762.5799999999999,0.6587243305620394,199.3940549,0.0,0.0,0.0,0.0,1.0,0.0,1.0,NORMAL,0
222.73,2.0,662.1139999999999,0.6636077775126337,679.4910863666667,0.0,0.0,0.0,0.0,3.0,0.0,2.0,NORMAL,0
255.62,0.0,588.8833333333333,0.56592420683214,2861.271410133333,0.0,0.0,0.0,0.0,2.0,0.0,0.0,NORMAL,0
283.38,0.0,541.2742857142857,0.47645767131530886,1903.4505060333333,0.0,0.0,0.0,0.0,3.0,0.0,0.0,NORMAL,0
157.16,0.0,509.03749999999997,0.6912604670579279,1606.0078714333333,0.0,0.0,0.0,0.0,4.0,0.0,0.0,NORMAL,0
265.52,0.0,469.94,0.4349917010682215,2712.1193418499997,0.0,0.0,0.0,0.0,0.0,0.0,0.0,NORMAL,0
243.26,1.0,449.49799999999993,0.4588185041980164,434.8514048833333,0.0,0.0,0.0,0.0,4.0,0.0,1.0,NORMAL,0
1885.6,0.0,430.7490909090909,3.3774903761734314,2321.80068365,1.0,1.0,1.0,1.0,5.0,0.0,0.0,FRAUD,1
190.38,1.0,551.9866666666667,0.6551003647431097,955.1758436833334,0.0,0.0,0.0,0.0,5.0,0.0,1.0,NORMAL,0
246.17,2.0,524.1707692307692,0.5303629762467311,154.11627206666665,0.0,0.0,0.0,0.0,6.0,0.0,2.0,NORMAL,0
286.8,0.0,504.3135714285714,0.43130620263186586,2318.5658757,0.0,0.0,0.0,0.0,7.0,0.0,0.0,NORMAL,0
236.7,0.0,489.81266666666664,0.5167540243276681,2756.47479175,0.0,0.0,0.0,0.0,6.0,0.0,0.0,NORMAL,0
305.61,0.0,473.99312499999996,0.3552438128717583,2878.7699481666664,0.0,0.0,0.0,0.0,1.0,0.0,0.0,NORMAL,0
237.24,0.0,464.0882352941176,0.48880410672412694,2234.82689705,0.0,0.0,0.0,0.0,2.0,0.0,0.0,NORMAL,0
802.58,1.0,451.48555555555555,0.7776426955950357,1039.6186320833333,0.0,0.0,0.0,0.0,7.0,0.0,1.0,SUSPICIOUS,0
276.98,1.0,469.96421052631575,0.41063597228008397,1195.63531025,0.0,0.0,0.0,0.0,8.0,0.0,1.0,NORMAL,0
1948.31,1.0,460.31499999999994,3.2325581395348837,755.4647918833333,0.0,0.0,1.0,1.0,9.0,0.0,1.0,FRAUD,1
289.49,0.0,531.1719047619048,0.45499753016914085,2199.898438166667,0.0,0.0,0.0,0.0,10.0,0.0,0.0,NORMAL,0
305.3,0.0,520.1863636363637,0.413094957226868,2111.9874092166665,0.0,0.0,0.0,0.0,11.0,0.0,0.0,NORMAL,0
238.06,0.0,510.8434782608696,0.5339864163276423,1850.5603971833334,0.0,0.0,0.0,0.0,8.0,0.0,0.0,NORMAL,0
261.2,1.0,499.47749999999996,0.4770535209293712,145.43036891666668,0.0,0.0,0.0,0.0,12.0,0.0,1.0,NORMAL,0
64.26,0.0,0.0,0.0,10080.0,0.0,0.0,0.0,0.0,0.0,0.0,0.0,NORMAL,0
63.42,1.0,64.26,0.013071895424836654,25.003914,0.0,0.0,0.0,0.0,0.0,1.0,1.0,NORMAL,0
53.55,2.0,63.84,0.16118421052631587,829.942854,0.0,0.0,0.0,0.0,1.0,0.0,2.0,NORMAL,0
47.72,0.0,60.410000000000004,0.21006455884787292,2644.472378983334,0.0,0.0,0.0,0.0,1.0,0.0,0.0,NORMAL,0
62.55,1.0,57.2375,0.09281502511465387,774.2912932166668,0.0,0.0,0.0,0.0,0.0,0.0,1.0,NORMAL,0
652.13,0.0,58.3,10.185763293310464,1629.81627235,1.0,1.0,1.0,1.0,2.0,0.0,0.0,FRAUD,1
61.98,1.0,157.27166666666668,0.6059048567764909,1096.0047999166668,0.0,0.0,0.0,0.0,3.0,0.0,1.0,NORMAL,0
91.81,1.0,143.65857142857143,0.360915265361323,498.55639518333334,0.0,0.0,0.0,0.0,4.0,0.0,1.0,NORMAL,0
611.18,0.0,137.1775,3.4553953818957184,2577.6299437,1.0,1.0,1.0,1.0,5.0,0.0,0.0,FRAUD,1
318.86,1.0,189.84444444444443,0.679585625658434,219.67632423333333,0.0,0.0,1.0,1.0,1.0,0.0,1.0,FRAUD,1
66.2,2.0,202.746,0.6734830773480117,472.88202055,0.0,0.0,0.0,0.0,2.0,0.0,2.0,NORMAL,0
71.38,0.0,190.33272727272725,0.6249725361328965,2177.6210262333334,0.0,0.0,0.0,0.0,2.0,0.0,0.0,NORMAL,0
69.66,1.0,180.42,0.6139008979048886,224.47644063333334,0.0,0.0,0.0,0.0,3.0,0.0,1.0,NORMAL,0
51.1,0.0,171.89999999999998,0.7027341477603257,1828.4693508333332,0.0,0.0,1.0,0.0,4.0,0.0,0.0,SUSPICIOUS,0
83.96,1.0,163.27142857142857,0.48576428383935605,539.8105691,0.0,0.0,0.0,0.0,6.0,0.0,1.0,NORMAL,0
74.32,2.0,157.98399999999998,0.5295726149483492,854.92062755,0.0,0.0,0.0,0.0,3.0,0.0,2.0,NORMAL,0
164.36,0.0,152.755,0.07597132663415285,1827.8311347666668,0.0,0.0,0.0,0.0,5.0,0.0,0.0,SUSPICIOUS,0
74.45,1.0,153.43764705882353,0.5147866157550106,891.9606660666667,0.0,0.0,0.0,0.0,6.0,0.0,1.0,NORMAL,0
70.98,0.0,149.04944444444445,0.5237821901009732,1606.7749826,0.0,0.0,0.0,0.0,7.0,0.0,0.0,NORMAL,0
63.01,1.0,144.94052631578947,0.5652699655394046,1023.1496618333333,0.0,0.0,0.0,0.0,8.0,0.0,1.0,NORMAL,0
411.88,2.0,140.844,1.9243702252137118,249.42641164999998,1.0,1.0,1.0,1.0,7.0,0.0,2.0,FRAUD,1
60.26,1.0,153.75047619047618,0.6080662545373456,1423.2382099166668,0.0,0.0,0.0,0.0,4.0,0.0,1.0,NORMAL,0
304.23,1.0,149.5009090909091,1.0349709031869676,1043.8729979166667,1.0,1.0,1.0,1.0,5.0,0.0,1.0,FRAUD,1
48.94,0.0,156.22826086956522,0.6867404160578864,2424.7968734333335,0.0,0.0,0.0,0.0,6.0,0.0,0.0,NORMAL,0
73.27,0.0,151.75791666666666,0.5171915797912794,1877.07993095,0.0,0.0,0.0,0.0,8.0,0.0,0.0,NORMAL,0
179.22,0.0,0.0,0.0,10080.0,0.0,0.0,0.0,0.0,0.0,0.0,0.0,NORMAL,0
233.12,1.0,179.22,0.3007476844102221,1417.15501725,0.0,0.0,0.0,0.0,1.0,0.0,1.0,NORMAL,0
671.26,1.0,206.17000000000002,2.2558568171896973,811.5826209333334,0.0,0.0,0.0,0.0,0.0,0.0,1.0,SUSPICIOUS,0
1674.28,0.0,361.2,3.6353266888150606,1586.9849772166667,1.0,1.0,1.0,1.0,2.0,0.0,0.0,FRAUD,1
207.55,0.0,689.47,0.6989716738944407,1440.9974407333332,0.0,0.0,0.0,0.0,1.0,0.0,0.0,NORMAL,0
215.27,1.0,593.086,0.6370340894912374,1089.47161105,0.0,0.0,0.0,0.0,2.0,0.0,1.0,NORMAL,0
1441.19,0.0,530.1166666666667,1.7186279749740623,1462.0047360666665,1.0,1.0,1.0,1.0,3.0,0.0,0.0,FRAUD,1
140.67,0.0,660.2700000000001,0.7869507928574675,1916.3302317999999,0.0,0.0,0.0,0.0,4.0,0.0,0.0,NORMAL,0
198.85,0.0,595.32,0.6659779614325069,2781.47001915,0.0,0.0,0.0,0.0,5.0,0.0,0.0,NORMAL,0
237.21,0.0,551.2677777777777,0.5697009519471278,1609.6730785666666,0.0,0.0,0.0,0.0,6.0,0.0,0.0,NORMAL,0
509.58,1.0,519.862,0.019778325786458682,1130.1196007833335,0.0,0.0,0.0,0.0,0.0,0.0,1.0,SUSPICIOUS,0
193.14,0.0,518.9272727272727,0.6278091167092954,2709.503278516667,0.0,0.0,0.0,0.0,7.0,0.0,0.0,NORMAL,0
149.69,0.0,491.77833333333336,0.6956148942443581,2259.9919729000003,0.0,0.0,0.0,0.0,1.0,0.0,0.0,NORMAL,0
207.29,1.0,465.46384615384613,0.5546592894102327,922.5458289,0.0,0.0,0.0,0.0,8.0,0.0,1.0,NORMAL,0
198.28,0.0,447.0228571428571,0.5564432627286555,1868.26554225,0.0,0.0,0.0,0.0,3.0,0.0,0.0,NORMAL,0
973.13,0.0,430.44,1.260779667317164,1615.00588945,0.0,0.0,1.0,1.0,4.0,0.0,0.0,FRAUD,1
210.43,0.0,464.358125,0.5468368298713412,2125.2541740833335,0.0,0.0,1.0,0.0,9.0,0.0,0.0,SUSPICIOUS,0
580.96,0.0,449.42117647058825,0.29268496994827337,2168.1834736666665,0.0,0.0,0.0,0.0,5.0,0.0,0.0,SUSPICIOUS,0
168.73,1.0,456.72888888888895,0.6305685843291425,572.3914667666667,0.0,0.0,0.0,0.0,6.0,0.0,1.0,NORMAL,0
208.94,2.0,441.571052631579,0.5268258669702081,334.3029787666666,0.0,0.0,0.0,0.0,7.0,0.0,2.0,NORMAL,0
208.57,0.0,429.93950000000007,0.51488523385267,2035.0105493666667,0.0,0.0,0.0,0.0,10.0,0.0,0.0,NORMAL,0
207.02,1.0,419.39809523809527,0.5063878392617084,532.0699456833333,0.0,0.0,0.0,0.0,8.0,0.0,1.0,NORMAL,0
128.21,2.0,409.7445454545454,0.6870977260776671,402.23061598333334,0.0,0.0,0.0,0.0,9.0,0.0,2.0,NORMAL,0
175.64,0.0,397.5039130434783,0.5581427144824389,2680.817250966667,0.0,0.0,0.0,0.0,11.0,0.0,0.0,NORMAL,0
221.98,1.0,388.2595833333333,0.42826910260854256,409.21224186666666,0.0,0.0,0.0,0.0,12.0,0.0,1.0,NORMAL,0
877.48,0.0,0.0,0.0,10080.0,0.0,0.0,0.0,0.0,0.0,0.0,0.0,FRAUD,1
122.59,1.0,877.48,0.860293112093723,243.59537851666667,1.0,1.0,1.0,1.0,0.0,0.0,1.0,NORMAL,0
149.49,2.0,500.035,0.7010409271351006,489.43260115,0.0,0.0,0.0,0.0,1.0,0.0,2.0,NORMAL,0
113.84,3.0,383.18666666666667,0.7029124186645326,334.229916,0.0,0.0,1.0,0.0,2.0,0.0,3.0,SUSPICIOUS,0
131.04,4.0,315.85,0.5851195187589046,300.3448453333333,0.0,0.0,0.0,0.0,1.0,0.0,4.0,SUSPICIOUS,0
128.48,3.0,278.88800000000003,0.5393132727116262,761.3309559,0.0,0.0,0.0,0.0,0.0,0.0,3.0,SUSPICIOUS,0
464.26,0.0,253.82000000000002,0.8290914821527064,1986.5699293666667,0.0,0.0,0.0,0.0,3.0,0.0,0.0,SUSPICIOUS,0
110.0,0.0,283.8828571428572,0.61251622902807,2344.0848334333336,0.0,0.0,0.0,0.0,0.0,0.0,0.0,SUSPICIOUS,0
122.21,1.0,262.1475,0.5338120714483259,837.5437417166667,0.0,0.0,0.0,0.0,0.0,0.0,1.0,NORMAL,0
692.52,0.0,246.59888888888887,1.808285159435701,2646.5412778,0.0,0.0,1.0,1.0,2.0,0.0,0.0,FRAUD,1
139.52,0.0,291.191,0.5208643124272384,1665.5209712166666,0.0,0.0,0.0,0.0,1.0,0.0,0.0,NORMAL,0
126.21,1.0,277.40272727272725,0.5450297073830959,223.03376955000002,0.0,0.0,0.0,0.0,4.0,0.0,1.0,SUSPICIOUS,0
97.08,1.0,264.80333333333334,0.6333883007515012,1312.7952954333334,0.0,0.0,0.0,0.0,5.0,0.0,1.0,NORMAL,0
86.45,0.0,251.90153846153845,0.6568103532515758,2799.9599390333333,0.0,0.0,0.0,0.0,6.0,0.0,0.0,NORMAL,0
156.05,0.0,240.08357142857145,0.35001799968463365,2376.6121393,0.0,0.0,0.0,0.0,2.0,0.0,0.0,NORMAL,0
126.7,0.0,234.4813333333333,0.45965848027703693,1578.9704788666668,0.0,0.0,0.0,0.0,7.0,0.0,0.0,NORMAL,0
120.46,0.0,227.745,0.4710751059298778,1805.6399466833332,0.0,0.0,0.0,0.0,3.0,0.0,0.0,SUSPICIOUS,0
733.66,1.0,221.43411764705883,2.313220238126863,1318.0331227833333,1.0,1.0,1.0,1.0,8.0,0.0,1.0,FRAUD,1
105.14,1.0,249.89111111111112,0.5792567429369238,242.87660525,0.0,0.0,0.0,0.0,3.0,0.0,1.0,NORMAL,0
405.92,0.0,242.2726315789474,0.6754678287618558,1803.98668395,0.0,0.0,0.0,0.0,9.0,0.0,0.0,SUSPICIOUS,0
130.84,1.0,250.455,0.4775907847717155,387.3792023166667,0.0,0.0,0.0,0.0,4.0,0.0,1.0,NORMAL,0
143.05,0.0,244.7590476190476,0.4155476523072253,2005.14608635,0.0,0.0,0.0,0.0,0.0,0.0,0.0,SUSPICIOUS,0
134.26,1.0,240.13590909090908,0.4408999449175562,302.60120643333335,0.0,0.0,0.0,0.0,4.0,0.0,1.0,NORMAL,0
123.82,0.0,235.5326086956522,0.474297844847478,2228.9254300166667,0.0,0.0,0.0,0.0,1.0,0.0,0.0,SUSPICIOUS,0
125.78,1.0,230.87791666666666,0.4552099143306257,1270.8457353166666,0.0,0.0,0.0,0.0,1.0,0.0,1.0,SUSPICIOUS,0
251.52,0.0,0.0,0.0,10080.0,0.0,0.0,0.0,0.0,0.0,0.0,0.0,SUSPICIOUS,0
220.54,1.0,251.52,0.12317111959287538,909.88354235,0.0,0.0,1.0,0.0,0.0,0.0,1.0,NORMAL,0
274.51,0.0,236.03,0.16303012328941233,1596.4619197499999,0.0,0.0,0.0,0.0,1.0,0.0,0.0,NORMAL,0
237.68,0.0,248.85666666666665,0.04491206450835145,1750.3078234333334,0.0,0.0,0.0,0.0,2.0,0.0,0.0,NORMAL,0
290.31,1.0,246.0625,0.1798221996443993,162.83168253333332,0.0,0.0,0.0,0.0,0.0,0.0,1.0,SUSPICIOUS,0
1618.18,0.0,254.91199999999998,5.34799460205875,1524.2954036833332,1.0,1.0,1.0,1.0,1.0,0.0,0.0,FRAUD,1
994.27,0.0,482.1233333333334,1.062273138961676,1968.7754488333335,0.0,0.0,0.0,0.0,3.0,0.0,0.0,SUSPICIOUS,0
268.33,0.0,555.2871428571428,0.5167725321005091,2732.5063112333332,0.0,0.0,0.0,0.0,0.0,0.0,0.0,NORMAL,0
239.11,0.0,519.4175,0.5396574046889063,2023.0037754,0.0,0.0,0.0,0.0,2.0,0.0,0.0,NORMAL,0
298.74,1.0,488.2722222222222,0.38816916792772693,589.9895976333333,0.0,0.0,0.0,0.0,0.0,0.0,1.0,SUSPICIOUS,0
259.03,0.0,469.3190000000001,0.4480726329000106,1963.35403785,0.0,0.0,0.0,0.0,3.0,0.0,0.0,NORMAL,0
343.27,1.0,450.2018181818182,0.23751973862227457,339.34543536666666,0.0,0.0,0.0,0.0,4.0,0.0,1.0,NORMAL,0
259.78,0.0,441.2908333333333,0.4113179328069735,2137.6271450333334,0.0,0.0,0.0,0.0,5.0,0.0,0.0,SUSPICIOUS,0
260.41,0.0,427.32846153846157,0.3906092773168541,2744.96856385,0.0,0.0,0.0,0.0,1.0,0.0,0.0,NORMAL,0
235.29,1.0,415.4057142857143,0.433589881148894,370.79856589999997,0.0,0.0,0.0,0.0,1.0,0.0,1.0,SUSPICIOUS,0
1808.56,2.0,403.398,3.4833142454846078,761.7172964833334,1.0,1.0,1.0,1.0,2.0,0.0,2.0,FRAUD,1
733.91,2.0,491.220625,0.4940537156801997,458.1088856833333,0.0,0.0,0.0,0.0,6.0,0.0,2.0,SUSPICIOUS,0
255.36,1.0,505.4964705882353,0.49483326816734624,1361.85143045,0.0,0.0,0.0,0.0,4.0,0.0,1.0,NORMAL,0
1515.42,0.0,491.59999999999997,2.0826281529698947,1594.9334021333334,0.0,1.0,1.0,1.0,3.0,0.0,0.0,FRAUD,1
2531.45,0.0,545.4852631578947,3.640730320274946,1448.8656689166667,1.0,1.0,1.0,1.0,7.0,0.0,0.0,FRAUD,1
220.51,1.0,644.7835,0.6580092387599868,817.3499461666667,0.0,0.0,0.0,0.0,8.0,0.0,1.0,SUSPICIOUS,0
265.89,0.0,624.58,0.5742899228281405,1626.3805731333334,0.0,0.0,0.0,0.0,4.0,0.0,0.0,NORMAL,0
295.42,0.0,608.2759090909091,0.5143322370903753,1706.51974715,0.0,0.0,0.0,0.0,5.0,0.0,0.0,NORMAL,0
257.58,1.0,594.6734782608695,0.5668547372361449,675.6355101,0.0,0.0,0.0,0.0,6.0,0.0,1.0,NORMAL,0
228.17,0.0,580.6279166666667,0.6070288846772927,2187.162386333333,0.0,0.0,0.0,0.0,7.0,0.0,0.0,NORMAL,0
564.18,0.0,0.0,0.0,10080.0,0.0,0.0,0.0,0.0,0.0,0.0,0.0,FRAUD,1
135.66,0.0,564.18,0.7595448261193236,2806.87046695,1.0,1.0,1.0,1.0,0.0,0.0,0.0,NORMAL,0
125.25,0.0,349.91999999999996,0.6420610425240054,1637.9167731,0.0,0.0,0.0,0.0,0.0,0.0,0.0,NORMAL,0
118.48,1.0,275.03,0.5692106315674652,756.0879584666667,0.0,0.0,0.0,0.0,1.0,0.0,1.0,NORMAL,0
136.57,0.0,235.89249999999998,0.4210498426189896,2717.77616765,0.0,0.0,0.0,0.0,1.0,0.0,0.0,NORMAL,0
110.91,1.0,216.02799999999996,0.4865943303645823,478.4136945333333,0.0,0.0,0.0,0.0,1.0,0.0,1.0,NORMAL,0
158.8,1.0,198.50833333333333,0.20003358381260225,1304.8096790666668,0.0,0.0,0.0,0.0,2.0,0.0,1.0,NORMAL,0
150.98,0.0,192.83571428571426,0.21705374671259764,2327.03350405,0.0,0.0,0.0,0.0,2.0,0.0,0.0,NORMAL,0
157.44,0.0,187.60375,0.1607843659841554,2789.181612,0.0,0.0,0.0,0.0,3.0,0.0,0.0,NORMAL,0
132.15,0.0,184.25222222222223,0.28277662865516473,2362.93755585,0.0,0.0,0.0,0.0,2.0,0.0,0.0,NORMAL,0
495.65,1.0,179.04199999999997,1.7683448576311707,1333.9122972666667,0.0,0.0,0.0,0.0,3.0,0.0,1.0,SUSPICIOUS,0
112.82,0.0,207.82454545454542,0.4571382328625107,2829.898240533333,0.0,0.0,0.0,0.0,3.0,0.0,0.0,NORMAL,0
111.48,0.0,199.9075,0.4423420832134862,1679.5986052666667,0.0,0.0,0.0,0.0,4.0,0.0,0.0,NORMAL,0
166.37,1.0,193.1053846153846,0.1384497106004293,574.3344676666667,0.0,0.0,0.0,0.0,4.0,0.0,1.0,NORMAL,0
552.73,2.0,191.19571428571427,1.8909120796192385,151.53275243333334,1.0,1.0,1.0,1.0,5.0,0.0,2.0,FRAUD,1
159.26,3.0,215.29799999999997,0.2602810987561426,623.09408855,0.0,0.0,0.0,0.0,5.0,0.0,3.0,NORMAL,0
138.29,2.0,211.795625,0.3470592227766745,712.38545555,0.0,0.0,0.0,0.0,6.0,0.0,2.0,NORMAL,0
150.48,2.0,207.47176470588235,0.2746964859853361,258.11173775000003,0.0,0.0,0.0,0.0,4.0,0.0,2.0,NORMAL,0
116.25,0.0,204.30555555555554,0.43099932019034665,1818.7881134833333,0.0,0.0,1.0,0.0,5.0,0.0,0.0,SUSPICIOUS,0
131.75,1.0,199.67105263157896,0.34016474464579904,1384.6130773666666,0.0,0.0,0.0,0.0,0.0,0.0,1.0,SUSPICIOUS,0
136.85,1.0,196.275,0.30276397911094133,90.21814558333334,0.0,0.0,0.0,0.0,0.0,0.0,1.0,SUSPICIOUS,0
1177.43,0.0,193.4452380952381,5.08663212180142,2209.9043921333337,0.0,1.0,1.0,1.0,7.0,0.0,0.0,FRAUD,1
448.44,0.0,238.17181818181817,0.8828424094141358,2438.85563,0.0,0.0,0.0,0.0,8.0,0.0,0.0,SUSPICIOUS,0
108.8,0.0,247.31391304347827,0.5600732742404478,2323.0481876833337,0.0,0.0,0.0,0.0,6.0,0.0,0.0,NORMAL,0
918.72,1.0,241.5425,2.803554239937071,546.9835529333334,1.0,1.0,1.0,1.0,9.0,0.0,1.0,FRAUD,1
124.16,0.0,0.0,0.0,10080.0,0.0,0.0,0.0,0.0,0.0,0.0,0.0,NORMAL,0
141.1,0.0,124.16,0.13643685567010308,2312.1678537499997,0.0,0.0,0.0,0.0,0.0,0.0,0.0,SUSPICIOUS,0
122.64,0.0,132.63,0.07532232526577694,2642.102199866667,0.0,0.0,0.0,0.0,0.0,0.0,0.0,SUSPICIOUS,0
103.05,1.0,129.29999999999998,0.20301624129930387,973.2765184666666,0.0,0.0,0.0,0.0,0.0,0.0,1.0,NORMAL,0
112.55,0.0,122.7375,0.0830023423973928,2766.942876466667,0.0,0.0,0.0,0.0,1.0,0.0,0.0,NORMAL,0
99.73,1.0,120.7,0.17373653686826843,1093.4759268166667,0.0,0.0,0.0,0.0,1.0,0.0,1.0,SUSPICIOUS,0
1282.32,0.0,117.205,9.940830169361375,2732.8170115333332,1.0,1.0,1.0,1.0,2.0,0.0,0.0,FRAUD,1
104.26,1.0,283.65,0.6324343380927199,957.7780568,0.0,0.0,0.0,0.0,3.0,0.0,1.0,NORMAL,0
576.32,0.0,261.22625,1.2062101339356213,1834.4007776666667,1.0,1.0,1.0,1.0,4.0,0.0,0.0,FRAUD,1
145.58,1.0,296.2366666666667,0.5085685994306354,1115.1832195166667,0.0,0.0,1.0,0.0,0.0,0.0,1.0,SUSPICIOUS,0
97.26,1.0,281.171,0.654089504251861,1015.4383805666668,0.0,0.0,0.0,0.0,5.0,0.0,1.0,NORMAL,0
141.37,2.0,264.45181818181817,0.4654224691213728,102.02834849999999,0.0,0.0,0.0,0.0,6.0,0.0,2.0,NORMAL,0
181.41,2.0,254.19500000000002,0.2863352937705306,988.3567701,0.0,0.0,0.0,0.0,1.0,0.0,2.0,SUSPICIOUS,0
111.41,0.0,248.59615384615384,0.55184342848302,1713.2437836,0.0,0.0,0.0,0.0,1.0,0.0,0.0,NORMAL,0
141.48,0.0,238.79714285714286,0.4075305997918138,2714.5790497833336,0.0,0.0,0.0,0.0,7.0,0.0,0.0,NORMAL,0
138.69,1.0,232.3093333333333,0.4029942834840901,552.0147563166666,0.0,0.0,0.0,0.0,2.0,0.0,1.0,NORMAL,0
117.49,2.0,226.458125,0.481184435312268,688.7137709333333,0.0,0.0,0.0,0.0,8.0,0.0,2.0,NORMAL,0
146.68,1.0,220.04823529411766,0.333418876075299,852.5351163333332,0.0,0.0,0.0,0.0,9.0,0.0,1.0,NORMAL,0
140.14,2.0,215.97222222222223,0.3511202572347268,79.96438091666667,0.0,0.0,0.0,0.0,3.0,0.0,2.0,NORMAL,0
116.77,2.0,211.98105263157893,0.44914888123069585,1148.3211596166666,0.0,0.0,0.0,0.0,2.0,0.0,2.0,NORMAL,0
116.33,0.0,207.2205,0.43861731826725636,1569.8182079833334,0.0,0.0,0.0,0.0,10.0,0.0,0.0,NORMAL,0
135.9,1.0,202.89238095238093,0.33018677506724176,1342.5765659833335,0.0,0.0,0.0,0.0,11.0,0.0,1.0,NORMAL,0
102.51,0.0,199.84727272727275,0.4870582990647404,2167.923798433333,0.0,0.0,0.0,0.0,3.0,0.0,0.0,NORMAL,0
147.74,1.0,195.61521739130433,0.2447417845593055,659.8716682833333,0.0,0.0,0.0,0.0,4.0,0.0,1.0,NORMAL,0
1083.62,0.0,193.62041666666667,4.596620535454895,1980.6332376833334,1.0,1.0,1.0,1.0,4.0,0.0,0.0,FRAUD,1
423.67,0.0,0.0,0.0,10080.0,0.0,0.0,0.0,0.0,0.0,0.0,0.0,FRAUD,1
93.33,0.0,423.67,0.7797106238345883,2872.151757766667,1.0,1.0,1.0,1.0,0.0,0.0,0.0,NORMAL,0
86.5,1.0,258.5,0.6653771760154739,1121.3969657666667,0.0,0.0,0.0,0.0,1.0,0.0,1.0,NORMAL,0
99.25,1.0,201.16666666666666,0.5066280033140016,1322.74373855,0.0,0.0,0.0,0.0,0.0,0.0,1.0,SUSPICIOUS,0
103.01,0.0,175.6875,0.4136748488082533,2664.2435512666666,0.0,0.0,0.0,0.0,2.0,0.0,0.0,NORMAL,0
245.65,0.0,161.152,0.5243372716441622,2535.510245016667,0.0,0.0,0.0,0.0,3.0,0.0,0.0,SUSPICIOUS,0
90.72,1.0,175.235,0.482295203583759,1164.1471565333334,0.0,0.0,0.0,0.0,0.0,0.0,1.0,NORMAL,0
78.62,0.0,163.1614285714286,0.5181459203418175,2562.636290783333,0.0,0.0,0.0,0.0,4.0,0.0,0.0,NORMAL,0
90.7,1.0,152.59375,0.4056113045259062,1076.39456005,0.0,0.0,0.0,0.0,1.0,0.0,1.0,NORMAL,0
82.18,0.0,145.71666666666667,0.4360288230584467,2428.3410381833332,0.0,0.0,1.0,0.0,1.0,0.0,0.0,SUSPICIOUS,0
110.0,1.0,139.363,0.2106943736859855,780.3130254166666,0.0,0.0,0.0,0.0,2.0,0.0,1.0,NORMAL,0
81.24,2.0,136.6936363636364,0.4056782586141539,613.53630305,0.0,0.0,0.0,0.0,2.0,0.0,2.0,SUSPICIOUS,0
88.31,0.0,132.07250000000002,0.33135209827935425,2045.3024509,0.0,0.0,0.0,0.0,3.0,0.0,0.0,NORMAL,0
60.29,0.0,128.70615384615385,0.5315686297947622,2521.2689182999998,0.0,0.0,0.0,0.0,4.0,0.0,0.0,NORMAL,0
97.13,0.0,123.81928571428571,0.2155503123792163,2031.1179585666666,0.0,0.0,0.0,0.0,5.0,0.0,0.0,NORMAL,0
82.12,0.0,122.04,0.3271058669288758,2658.9134355,0.0,0.0,0.0,0.0,3.0,0.0,0.0,NORMAL,0
84.41,0.0,119.545,0.29390606047931744,2507.7617385,0.0,0.0,0.0,0.0,5.0,0.0,0.0,NORMAL,0
83.03,0.0,117.47823529411765,0.29323078617816567,2413.4169357166666,0.0,0.0,0.0,0.0,6.0,0.0,0.0,NORMAL,0
466.71,0.0,115.56444444444443,3.038525882624414,1650.6696673666668,1.0,1.0,1.0,1.0,6.0,0.0,0.0,FRAUD,1
360.76,0.0,134.0457894736842,1.6913191486020094,2490.946419133333,1.0,1.0,1.0,1.0,7.0,0.0,0.0,FRAUD,1
74.58,0.0,145.38150000000002,0.4870048802633073,2579.61807035,0.0,0.0,0.0,0.0,8.0,0.0,0.0,SUSPICIOUS,0
69.43,1.0,142.01,0.5110907682557566,874.3649923166666,0.0,0.0,0.0,0.0,9.0,0.0,1.0,NORMAL,0
87.64,0.0,138.7109090909091,0.36818235440615543,2429.59807255,0.0,0.0,0.0,0.0,7.0,0.0,0.0,NORMAL,0
87.59,1.0,136.4904347826087,0.3582700491832522,316.6924209,0.0,0.0,0.0,0.0,4.0,0.0,1.0,NORMAL,0
110.06,0.0,134.45291666666665,0.18142348467710187,2570.6822945333333,0.0,0.0,0.0,0.0,10.0,0.0,0.0,NORMAL,0
277.29,0.0,0.0,0.0,10080.0,0.0,0.0,0.0,0.0,0.0,0.0,0.0,SUSPICIOUS,0
278.51,0.0,277.29,0.0043997259187131535,2872.7261921833333,0.0,0.0,1.0,0.0,0.0,0.0,0.0,NORMAL,0
257.25,0.0,277.9,0.07430730478589413,2123.3680431666667,0.0,0.0,0.0,0.0,1.0,0.0,0.0,NORMAL,0
211.04,0.0,271.01666666666665,0.22130250292109954,1840.5132573,0.0,0.0,0.0,0.0,0.0,0.0,0.0,NORMAL,0
205.61,0.0,256.0225,0.1969065218877246,2421.9956082666667,0.0,0.0,0.0,0.0,0.0,0.0,0.0,SUSPICIOUS,0
283.6,0.0,245.94,0.15312677888916007,2198.62695945,0.0,0.0,0.0,0.0,1.0,0.0,0.0,NORMAL,0
233.99,1.0,252.21666666666667,0.07226590894072554,1027.08448045,0.0,0.0,0.0,0.0,1.0,0.0,1.0,SUSPICIOUS,0
310.38,0.0,249.61285714285714,0.24344556427381833,2452.3887147166665,0.0,0.0,0.0,0.0,2.0,0.0,0.0,NORMAL,0
1082.44,0.0,257.20875,3.20841048370244,1444.3719743,0.0,0.0,0.0,0.0,2.0,0.0,0.0,SUSPICIOUS,0
2489.83,1.0,348.9011111111111,6.136205419555365,990.8332492833334,1.0,1.0,1.0,1.0,3.0,0.0,1.0,FRAUD,1
261.24,0.0,562.9939999999999,0.535980845266557,1819.5881874833333,0.0,0.0,0.0,0.0,4.0,0.0,0.0,NORMAL,0
339.53,1.0,535.5618181818182,0.36603023502931514,490.57294441666664,0.0,0.0,0.0,0.0,0.0,0.0,1.0,SUSPICIOUS,0
297.78,0.0,519.2258333333333,0.42649232591470315,1826.6431919833333,0.0,0.0,0.0,0.0,3.0,0.0,0.0,NORMAL,0
277.77,1.0,502.19153846153847,0.4468843484481098,1078.2934392,0.0,0.0,0.0,0.0,4.0,0.0,1.0,NORMAL,0
296.6,0.0,486.1614285714286,0.38991457863790097,1950.9741591833333,0.0,0.0,0.0,0.0,2.0,0.0,0.0,NORMAL,0
246.8,1.0,473.524,0.4788014968618275,301.18343388333335,0.0,0.0,0.0,0.0,5.0,0.0,1.0,NORMAL,0
222.18,0.0,459.35375,0.516320482852268,2373.7271664833333,0.0,0.0,0.0,0.0,3.0,0.0,0.0,NORMAL,0
265.08,1.0,445.4023529411765,0.4048527174372412,1252.3538711166666,0.0,0.0,0.0,0.0,5.0,0.0,1.0,NORMAL,0
290.32,1.0,435.38444444444445,0.3331870173486523,1038.4870474166667,0.0,0.0,0.0,0.0,6.0,0.0,1.0,NORMAL,0
387.73,1.0,427.7494736842105,0.09355820672208513,612.9607186166667,0.0,0.0,0.0,0.0,6.0,0.0,1.0,NORMAL,0
947.95,0.0,425.7485,1.2265492420995028,2049.730398933333,0.0,0.0,0.0,0.0,4.0,0.0,0.0,SUSPICIOUS,0
233.2,0.0,450.6152380952381,0.48248532165547214,1884.3533352833333,0.0,0.0,0.0,0.0,7.0,0.0,0.0,NORMAL,0
252.0,1.0,440.7327272727273,0.4282248982067054,1098.84931465,0.0,0.0,0.0,0.0,7.0,0.0,1.0,NORMAL,0
217.33,1.0,432.5269565217392,0.4975342074683458,871.4086909666668,0.0,0.0,0.0,0.0,8.0,0.0,1.0,NORMAL,0
281.74,0.0,423.5604166666667,0.33482925005779385,2393.2959186333333,0.0,0.0,0.0,0.0,8.0,0.0,0.0,NORMAL,0
37.64,0.0,0.0,0.0,10080.0,0.0,0.0,0.0,0.0,0.0,0.0,0.0,NORMAL,0
51.03,1.0,37.64,0.3557385759829968,1183.6394065333334,0.0,0.0,0.0,0.0,1.0,0.0,1.0,NORMAL,0
42.96,2.0,44.335,0.03101387165896019,13.869009283333332,0.0,0.0,0.0,0.0,0.0,1.0,2.0,NORMAL,0
40.81,0.0,43.876666666666665,0.06989288156195388,2734.707849216667,0.0,0.0,1.0,0.0,0.0,0.0,0.0,SUSPICIOUS,0
39.52,1.0,43.11,0.08327534214799343,765.09531545,0.0,0.0,0.0,0.0,1.0,0.0,1.0,NORMAL,0
53.97,1.0,42.392,0.2731175693527079,1041.2569444833332,0.0,0.0,0.0,0.0,1.0,0.0,1.0,NORMAL,0
33.92,2.0,44.321666666666665,0.23468581957658025,33.79826988333333,0.0,0.0,0.0,0.0,2.0,1.0,2.0,NORMAL,0
291.09,0.0,42.83571428571429,5.795497748874436,2576.87237235,1.0,1.0,1.0,1.0,3.0,0.0,0.0,FRAUD,1
41.47,0.0,73.86749999999999,0.43858936609469656,2450.8301152833333,0.0,0.0,0.0,0.0,0.0,0.0,0.0,SUSPICIOUS,0
336.95,1.0,70.26777777777778,3.7952277794468774,174.54974115000002,0.0,0.0,1.0,1.0,4.0,0.0,1.0,FRAUD,1
41.31,2.0,96.936,0.5738425352810101,1036.6132812166666,0.0,0.0,0.0,0.0,5.0,0.0,2.0,NORMAL,0
44.85,2.0,91.8790909090909,0.5118584701237793,330.5823157166667,0.0,0.0,0.0,0.0,6.0,0.0,2.0,NORMAL,0
44.56,0.0,87.96,0.4934060936789449,2501.586949316667,0.0,0.0,0.0,0.0,2.0,0.0,0.0,NORMAL,0
44.31,0.0,84.62153846153845,0.476374445494873,1509.3985256,0.0,0.0,0.0,0.0,1.0,0.0,0.0,SUSPICIOUS,0
37.72,0.0,81.74214285714285,0.5385489212593608,1849.3963973666666,0.0,0.0,0.0,0.0,3.0,0.0,0.0,NORMAL,0
52.52,0.0,78.80733333333333,0.3335645582898376,2691.3834622833333,0.0,0.0,0.0,0.0,2.0,0.0,0.0,NORMAL,0
357.23,1.0,77.16437499999999,3.629467937762731,698.3230811833333,0.0,0.0,1.0,1.0,4.0,0.0,1.0,FRAUD,1
37.73,1.0,93.63882352941175,0.597068837711859,1282.5988309499999,0.0,0.0,0.0,0.0,7.0,0.0,1.0,NORMAL,0
62.98,0.0,90.53277777777777,0.30434035554955535,2147.8167844333334,0.0,0.0,0.0,0.0,3.0,0.0,0.0,NORMAL,0
36.26,0.0,89.08263157894737,0.5929621817709164,1607.1945267833332,0.0,0.0,0.0,0.0,5.0,0.0,0.0,NORMAL,0
41.66,1.0,86.44149999999999,0.5180555635892482,1317.1415713333333,0.0,0.0,0.0,0.0,8.0,0.0,1.0,NORMAL,0
42.5,1.0,84.30904761904762,0.49590226434489887,960.08932585,0.0,0.0,0.0,0.0,0.0,0.0,1.0,SUSPICIOUS,0
46.36,2.0,82.40863636363636,0.4374376030755823,12.31402795,0.0,0.0,0.0,0.0,6.0,1.0,2.0,NORMAL,0
45.12,3.0,80.84130434782608,0.44186947051388925,311.57008686666666,0.0,0.0,0.0,0.0,7.0,0.0,3.0,SUSPICIOUS,0
38.46,0.0,79.35291666666667,0.5153297242802459,1761.5879758833332,0.0,0.0,0.0,0.0,9.0,0.0,0.0,NORMAL,0
303.7,0.0,0.0,0.0,10080.0,0.0,0.0,0.0,0.0,0.0,0.0,0.0,SUSPICIOUS,0
211.03,0.0,303.7,0.3051366480079025,2225.145229033333,0.0,0.0,0.0,0.0,0.0,0.0,0.0,NORMAL,0
257.23,0.0,257.365,0.0005245468498047167,1530.2671347666667,0.0,0.0,0.0,0.0,0.0,0.0,0.0,NORMAL,0
163.67,0.0,257.32,0.3639437276542826,1994.2841060833334,0.0,0.0,0.0,0.0,0.0,0.0,0.0,NORMAL,0
321.81,0.0,233.9075,0.3758002629244466,1895.7176852,0.0,0.0,0.0,0.0,1.0,0.0,0.0,NORMAL,0
231.41,0.0,251.488,0.07983681129914749,2197.0647621000003,0.0,0.0,0.0,0.0,2.0,0.0,0.0,NORMAL,0
237.97,0.0,248.14166666666665,0.04099136917755309,2318.98609175,0.0,0.0,0.0,0.0,1.0,0.0,0.0,NORMAL,0
195.88,1.0,246.6885714285714,0.20596240488296402,630.6425088666667,0.0,0.0,0.0,0.0,2.0,0.0,1.0,NORMAL,0
267.08,2.0,240.3375,0.11127060903937162,387.29854796666666,0.0,0.0,1.0,0.0,3.0,0.0,2.0,SUSPICIOUS,0
2139.71,0.0,243.30888888888887,7.794212203965697,1680.9852231333332,1.0,1.0,1.0,1.0,3.0,0.0,0.0,FRAUD,1
296.49,1.0,432.94899999999996,0.3151849294027702,423.6689692333333,0.0,0.0,0.0,0.0,1.0,0.0,1.0,NORMAL,0
236.1,2.0,420.5436363636363,0.43858382440045135,426.83519326666664,0.0,0.0,0.0,0.0,4.0,0.0,2.0,NORMAL,0
220.1,3.0,405.17333333333335,0.4567757009345795,98.84854543333333,0.0,0.0,0.0,0.0,0.0,0.0,3.0,SUSPICIOUS,0
213.05,3.0,390.9369230769231,0.4550271733783534,832.67349305,0.0,0.0,0.0,0.0,4.0,0.0,3.0,NORMAL,0
2227.54,0.0,378.23071428571427,4.889368356048745,2755.5614618166665,1.0,1.0,1.0,1.0,2.0,0.0,0.0,FRAUD,1
217.36,0.0,501.51800000000003,0.5665958151053402,1697.0194676666665,0.0,0.0,0.0,0.0,5.0,0.0,0.0,SUSPICIOUS,0
206.62,1.0,483.758125,0.5728857267255201,515.92203225,0.0,0.0,0.0,0.0,5.0,0.0,1.0,NORMAL,0
238.71,1.0,467.45588235294116,0.48934218391166195,1237.5314585833332,0.0,0.0,0.0,0.0,6.0,0.0,1.0,NORMAL,0
259.99,0.0,454.7477777777778,0.428276480491017,2437.4447995666665,0.0,0.0,0.0,0.0,3.0,0.0,0.0,NORMAL,0
1765.23,1.0,444.49736842105267,2.9712946024190536,152.15853800000002,1.0,1.0,1.0,1.0,7.0,0.0,1.0,FRAUD,1
206.26,2.0,510.534,0.5959916479607626,638.1708323333334,0.0,0.0,0.0,0.0,6.0,0.0,2.0,NORMAL,0
231.92,1.0,496.0447619047619,0.5324615482089751,1010.1840807833333,0.0,0.0,0.0,0.0,7.0,0.0,1.0,SUSPICIOUS,0
222.57,1.0,484.03909090909093,0.5401817659355086,633.81175135,0.0,0.0,0.0,0.0,1.0,0.0,1.0,SUSPICIOUS,0
207.38,0.0,472.6708695652174,0.5612591903732995,2646.0773778666667,0.0,0.0,0.0,0.0,8.0,0.0,0.0,NORMAL,0
1716.93,0.0,461.6170833333333,2.71938141370779,2638.3898046833333,1.0,1.0,1.0,1.0,8.0,0.0,0.0,FRAUD,1
180.66,0.0,0.0,0.0,10080.0,0.0,0.0,0.0,0.0,0.0,0.0,0.0,NORMAL,0
163.67,0.0,180.66,0.09404406066644531,2798.461084716667,0.0,0.0,0.0,0.0,0.0,0.0,0.0,SUSPICIOUS,0
144.47,0.0,172.165,0.16086312549008216,2407.7014334333335,0.0,0.0,0.0,0.0,0.0,0.0,0.0,NORMAL,0
202.57,0.0,162.9333333333333,0.2432692307692309,1977.68913195,0.0,0.0,0.0,0.0,1.0,0.0,0.0,NORMAL,0
194.64,1.0,172.8425,0.12611192270419594,729.98359485,0.0,0.0,0.0,0.0,0.0,0.0,1.0,NORMAL,0
176.04,1.0,177.202,0.006557488064468833,1121.2057028833333,0.0,0.0,0.0,0.0,2.0,0.0,1.0,NORMAL,0
567.38,2.0,177.00833333333333,2.205385810460901,22.95351751666667,0.0,0.0,0.0,0.0,1.0,1.0,2.0,SUSPICIOUS,0
189.73,0.0,232.77571428571426,0.18492356222728187,1451.1533969333332,0.0,0.0,0.0,0.0,1.0,0.0,0.0,NORMAL,0
156.91,1.0,227.39499999999998,0.3099672376261571,1141.5555041500002,0.0,0.0,0.0,0.0,2.0,0.0,1.0,NORMAL,0
159.45,1.0,219.56333333333333,0.27378584766733977,637.8940949666667,0.0,0.0,0.0,0.0,0.0,0.0,1.0,SUSPICIOUS,0
753.04,1.0,213.552,2.5262605829025246,1078.3770998166667,1.0,1.0,1.0,1.0,3.0,0.0,1.0,FRAUD,1
232.24,0.0,262.5963636363636,0.11560085302018985,2727.61876465,0.0,0.0,0.0,0.0,2.0,0.0,0.0,NORMAL,0
156.26,1.0,260.06666666666666,0.3991540630607537,415.4160065833333,0.0,0.0,0.0,0.0,4.0,0.0,1.0,NORMAL,0
537.39,2.0,252.08153846153846,1.1318102201363418,527.2228482333334,0.0,0.0,0.0,0.0,3.0,0.0,2.0,SUSPICIOUS,0
179.72,2.0,272.4607142857143,0.34038196856689695,573.3781607,0.0,0.0,0.0,0.0,5.0,0.0,2.0,NORMAL,0
174.18,0.0,266.278,0.3458716078684683,1935.3034560499998,0.0,0.0,0.0,0.0,6.0,0.0,0.0,NORMAL,0
214.79,0.0,260.52187499999997,0.17553948204925202,1777.3681445666666,0.0,0.0,0.0,0.0,3.0,0.0,0.0,NORMAL,0
177.41,0.0,257.83176470588234,0.31191565863741516,2761.1857416333337,0.0,0.0,0.0,0.0,7.0,0.0,0.0,NORMAL,0
147.87,1.0,253.3638888888889,0.41637302518336605,801.1778458499999,0.0,0.0,0.0,0.0,4.0,0.0,1.0,NORMAL,0
179.78,1.0,247.81157894736842,0.2745294599887011,1285.9588160333333,0.0,0.0,1.0,0.0,8.0,0.0,1.0,SUSPICIOUS,0
177.67,0.0,244.41,0.2730657501738882,2473.9430455333336,0.0,0.0,0.0,0.0,4.0,0.0,0.0,NORMAL,0
152.12,0.0,241.23190476190476,0.36940347857327566,2553.3291814,0.0,0.0,0.0,0.0,5.0,0.0,0.0,NORMAL,0
149.1,0.0,237.1813636363636,0.37136713562118745,1669.7608626166666,0.0,0.0,0.0,0.0,6.0,0.0,0.0,SUSPICIOUS,0
1408.4,0.0,233.3517391304348,5.0355239058782315,1567.9308369333335,1.0,1.0,1.0,1.0,5.0,0.0,0.0,FRAUD,1
223.78,0.0,282.3120833333333,0.20733113029463543,1472.9240688666666,0.0,0.0,0.0,0.0,7.0,0.0,0.0,NORMAL,0
173.19,0.0,0.0,0.0,10080.0,0.0,0.0,0.0,0.0,0.0,0.0,0.0,NORMAL,0
193.96,0.0,173.19,0.11992609273052723,2512.6888731333333,0.0,0.0,0.0,0.0,1.0,0.0,0.0,NORMAL,0
215.18,1.0,183.575,0.17216396568160164,634.886143,0.0,0.0,0.0,0.0,0.0,0.0,1.0,NORMAL,0
538.8,0.0,194.11,1.775745711194683,1494.4021504333332,0.0,0.0,0.0,0.0,1.0,0.0,0.0,SUSPICIOUS,0
191.72,0.0,280.28249999999997,0.31597584579843546,1869.8601277999999,0.0,0.0,0.0,0.0,0.0,0.0,0.0,NORMAL,0
205.11,0.0,262.57,0.21883688159347975,1884.66284995,0.0,0.0,0.0,0.0,2.0,0.0,0.0,NORMAL,0
174.39,0.0,252.99333333333334,0.3106932989011569,2801.4653874,0.0,0.0,0.0,0.0,3.0,0.0,0.0,NORMAL,0
213.47,0.0,241.7642857142857,0.11703252873223621,1742.5023573333335,0.0,0.0,0.0,0.0,2.0,0.0,0.0,NORMAL,0
222.04,1.0,238.2275,0.06794975391170205,666.9934615666666,0.0,0.0,0.0,0.0,3.0,0.0,1.0,NORMAL,0
238.1,0.0,236.4288888888889,0.0070681341817599806,2067.5279841,0.0,0.0,0.0,0.0,4.0,0.0,0.0,NORMAL,0
172.12,0.0,236.596,0.2725151735447767,2076.0147635999997,0.0,0.0,0.0,0.0,4.0,0.0,0.0,NORMAL,0
185.87,1.0,230.73454545454544,0.19444225556326034,1186.9243213833333,0.0,0.0,0.0,0.0,5.0,0.0,1.0,NORMAL,0
209.45,0.0,226.9958333333333,0.07729583876356022,1815.2991811333334,0.0,0.0,0.0,0.0,6.0,0.0,0.0,NORMAL,0
230.35,0.0,225.64615384615385,0.02084611713370146,2759.97697905,0.0,0.0,0.0,0.0,7.0,0.0,0.0,NORMAL,0
216.69,1.0,225.98214285714286,0.04111892532595815,628.4894830166667,0.0,0.0,0.0,0.0,8.0,0.0,1.0,NORMAL,0
242.35,2.0,225.36266666666668,0.07537776147483749,416.1546819166667,0.0,0.0,0.0,0.0,9.0,0.0,2.0,NORMAL,0
198.35,0.0,226.424375,0.1239900739485314,2087.3128576833333,0.0,0.0,0.0,0.0,10.0,0.0,0.0,NORMAL,0
222.13,1.0,224.77294117647057,0.011758271091873034,53.60099078333334,0.0,0.0,0.0,0.0,1.0,1.0,1.0,NORMAL,0
193.9,2.0,224.6261111111111,0.136787797995187,282.7621095,0.0,0.0,0.0,0.0,11.0,0.0,2.0,NORMAL,0
746.46,0.0,223.00894736842105,2.3472199604924984,1740.3861464666666,0.0,0.0,0.0,0.0,5.0,0.0,0.0,SUSPICIOUS,0
1803.65,1.0,249.1815,6.238298188268391,1238.8203041000002,1.0,1.0,1.0,1.0,6.0,0.0,1.0,FRAUD,1
182.92,1.0,323.2038095238095,0.4340413243596846,737.4848129833333,0.0,0.0,0.0,0.0,0.0,0.0,1.0,SUSPICIOUS,0
256.47,1.0,316.8272727272727,0.19050529396573973,746.9315019500001,0.0,0.0,0.0,0.0,2.0,0.0,1.0,NORMAL,0
212.56,0.0,314.2030434782609,0.32349477698580403,1982.6416015,0.0,0.0,0.0,0.0,12.0,0.0,0.0,NORMAL,0
193.64,1.0,309.96791666666667,0.37529018460243874,1230.5297470166665,0.0,0.0,0.0,0.0,3.0,0.0,1.0,NORMAL,0
55.84,0.0,0.0,0.0,10080.0,0.0,0.0,0.0,0.0,0.0,0.0,0.0,NORMAL,0
47.87,0.0,55.84,0.1427292263610316,1612.8356664166668,0.0,0.0,0.0,0.0,0.0,0.0,0.0,NORMAL,0
53.73,0.0,51.855000000000004,0.03615851894706379,2488.648933483333,0.0,0.0,0.0,0.0,1.0,0.0,0.0,NORMAL,0
42.43,0.0,52.48,0.19150152439024387,2734.1306427666664,0.0,0.0,0.0,0.0,2.0,0.0,0.0,NORMAL,0
43.56,1.0,49.9675,0.12823335167859107,155.59973881666667,0.0,0.0,0.0,0.0,0.0,0.0,1.0,NORMAL,0
51.78,1.0,48.686,0.06355009653699217,1361.5757291,0.0,0.0,0.0,0.0,1.0,0.0,1.0,NORMAL,0
54.32,1.0,49.20166666666666,0.10402764134006315,114.50884223333334,0.0,0.0,0.0,0.0,3.0,0.0,1.0,NORMAL,0
66.18,0.0,49.93285714285714,0.32537979572568904,2775.184709033333,0.0,0.0,0.0,0.0,2.0,0.0,0.0,NORMAL,0
52.24,0.0,51.963750000000005,0.005316206008996607,2680.9998351500003,0.0,0.0,0.0,0.0,4.0,0.0,0.0,NORMAL,0
51.24,0.0,51.99444444444444,0.0145100972326102,1473.31452205,0.0,0.0,0.0,0.0,3.0,0.0,0.0,NORMAL,0
326.38,1.0,51.919000000000004,5.286330630405054,458.4962426833333,1.0,1.0,1.0,1.0,5.0,0.0,1.0,FRAUD,1
59.43,0.0,76.87,0.22687654481592304,2123.924002383333,0.0,0.0,0.0,0.0,6.0,0.0,0.0,NORMAL,0
500.94,1.0,75.41666666666667,5.6422983425414355,1006.4257434666666,1.0,1.0,1.0,1.0,7.0,0.0,1.0,FRAUD,1
64.32,1.0,108.14923076923077,0.4052662275772793,509.0499773,0.0,0.0,0.0,0.0,4.0,0.0,1.0,NORMAL,0
46.7,0.0,105.01857142857143,0.5553167466978629,2755.5826707,0.0,0.0,0.0,0.0,0.0,0.0,0.0,SUSPICIOUS,0
56.93,0.0,101.13066666666667,0.43706491931230884,2218.8857119166664,0.0,0.0,1.0,0.0,8.0,0.0,0.0,SUSPICIOUS,0
44.51,1.0,98.368125,0.5475160271683536,200.15094513333332,0.0,0.0,0.0,0.0,5.0,0.0,1.0,NORMAL,0
49.43,2.0,95.2,0.48077731092436976,1191.3122440666666,0.0,0.0,0.0,0.0,1.0,0.0,2.0,NORMAL,0
58.77,0.0,92.65722222222222,0.36572672274752216,2158.0170911666664,0.0,0.0,0.0,0.0,6.0,0.0,0.0,NORMAL,0
44.35,1.0,90.8736842105263,0.5119599212324799,1022.0679999500001,0.0,0.0,0.0,0.0,9.0,0.0,1.0,SUSPICIOUS,0
35.84,0.0,88.5475,0.5952454897089132,2124.4606005833334,0.0,0.0,0.0,0.0,2.0,0.0,0.0,NORMAL,0
53.5,1.0,86.03761904761905,0.3781789804017069,664.7424473333334,0.0,0.0,0.0,0.0,1.0,0.0,1.0,SUSPICIOUS,0
53.36,0.0,84.55863636363637,0.3689586032285289,1770.13872695,0.0,0.0,0.0,0.0,2.0,0.0,0.0,SUSPICIOUS,0
291.07,1.0,83.20217391304348,2.4983460925456584,1420.9862455166667,1.0,1.0,1.0,1.0,3.0,0.0,1.0,FRAUD,1
49.56,0.0,91.86333333333333,0.46050292100584195,2303.1017437,0.0,0.0,0.0,0.0,7.0,0.0,0.0,NORMAL,0
262.95,0.0,0.0,0.0,10080.0,0.0,0.0,0.0,0.0,0.0,0.0,0.0,NORMAL,0
259.55,1.0,262.95,0.012930214869747015,611.7023565,0.0,0.0,0.0,0.0,0.0,0.0,1.0,NORMAL,0
211.3,0.0,261.25,0.19119617224880378,2482.9339749166666,0.0,0.0,0.0,0.0,1.0,0.0,0.0,NORMAL,0
275.06,1.0,244.6,0.1245298446443173,1057.6660103166666,0.0,0.0,0.0,0.0,1.0,0.0,1.0,NORMAL,0
274.24,0.0,252.215,0.08732628907876219,2167.8106239666668,0.0,0.0,0.0,0.0,2.0,0.0,0.0,NORMAL,0
284.32,0.0,256.62,0.10794170368638449,1661.1157037500002,0.0,0.0,0.0,0.0,0.0,0.0,0.0,NORMAL,0
830.81,0.0,261.2366666666667,2.180296283063888,1602.0472962833333,0.0,0.0,0.0,0.0,2.0,0.0,0.0,SUSPICIOUS,0
323.38,1.0,342.6042857142857,0.0561122160927017,392.4716217166667,0.0,0.0,1.0,0.0,3.0,0.0,1.0,SUSPICIOUS,0
279.6,0.0,340.20125,0.1781335312553966,1621.58591125,0.0,0.0,0.0,0.0,3.0,0.0,0.0,NORMAL,0
288.95,1.0,333.46777777777777,0.13349948853962237,736.8285483166667,0.0,0.0,0.0,0.0,4.0,0.0,1.0,SUSPICIOUS,0
233.78,1.0,329.01599999999996,0.28945704768157166,752.5764566666666,0.0,0.0,0.0,0.0,1.0,0.0,1.0,NORMAL,0
284.72,0.0,320.35818181818183,0.11124479985470805,1959.1297370833333,0.0,0.0,0.0,0.0,4.0,0.0,0.0,NORMAL,0
231.68,1.0,317.3883333333333,0.27004248213282356,940.3094839166666,0.0,0.0,0.0,0.0,5.0,0.0,1.0,NORMAL,0
236.15,0.0,310.79538461538465,0.24017533177900877,2755.252394666667,0.0,0.0,0.0,0.0,0.0,0.0,0.0,SUSPICIOUS,0
1524.64,1.0,305.4635714285714,3.9912334648274643,1169.3167975833335,1.0,1.0,1.0,1.0,6.0,0.0,1.0,FRAUD,1
736.26,1.0,386.742,0.9037497866794917,1284.6379660999999,0.0,0.0,0.0,0.0,7.0,0.0,1.0,SUSPICIOUS,0
1035.81,2.0,408.586875,1.5351034587197643,72.39253931666667,0.0,0.0,0.0,0.0,2.0,0.0,2.0,SUSPICIOUS,0
281.32,2.0,445.4823529411765,0.3685047271959014,1365.9359795833334,0.0,0.0,0.0,0.0,3.0,0.0,2.0,NORMAL,0
265.77,1.0,436.3622222222223,0.39094177620020076,760.2878075000001,0.0,0.0,0.0,0.0,4.0,0.0,1.0,NORMAL,0
297.77,0.0,427.3836842105263,0.3032724200736674,1806.5054876166666,0.0,0.0,0.0,0.0,5.0,0.0,0.0,NORMAL,0
314.25,0.0,420.90299999999996,0.2533909237995452,1913.0402148666665,0.0,0.0,0.0,0.0,8.0,0.0,0.0,SUSPICIOUS,0
257.47,0.0,415.8242857142857,0.38082019534350003,1582.5191188333333,0.0,0.0,0.0,0.0,5.0,0.0,0.0,NORMAL,0
838.9,0.0,408.6263636363637,1.0529757124201033,2158.3719429166667,0.0,0.0,0.0,0.0,9.0,0.0,0.0,SUSPICIOUS,0
268.53,1.0,427.3339130434783,0.37161551703789325,1057.2612672833334,0.0,0.0,0.0,0.0,6.0,0.0,1.0,NORMAL,0
260.19,0.0,420.7170833333333,0.3815558951433118,1510.0108749833335,0.0,0.0,0.0,0.0,10.0,0.0,0.0,SUSPICIOUS,0
264.73,0.0,0.0,0.0,10080.0,0.0,0.0,0.0,0.0,0.0,0.0,0.0,NORMAL,0
295.06,1.0,264.73,0.11456956143995763,670.5130409666667,0.0,0.0,0.0,0.0,0.0,0.0,1.0,NORMAL,0
235.14,2.0,279.895,0.15989924793226032,724.2014424666667,0.0,0.0,1.0,0.0,0.0,0.0,2.0,SUSPICIOUS,0
260.55,2.0,264.9766666666667,0.016705873473136037,233.64877315,0.0,0.0,0.0,0.0,1.0,0.0,2.0,NORMAL,0
911.35,2.0,263.87,2.4537840603327394,1192.6857410999999,0.0,0.0,0.0,0.0,1.0,0.0,2.0,SUSPICIOUS,0
276.28,0.0,393.366,0.29765155097288537,1781.35433555,0.0,0.0,0.0,0.0,2.0,0.0,0.0,NORMAL,0
265.28,0.0,373.8516666666667,0.29041375590140484,1543.5059443,0.0,0.0,0.0,0.0,3.0,0.0,0.0,NORMAL,0
290.72,1.0,358.34142857142854,0.18870670031374692,365.36266895,0.0,0.0,0.0,0.0,1.0,0.0,1.0,NORMAL,0
301.2,2.0,349.88875,0.13915494567916237,988.6575420166666,0.0,0.0,0.0,0.0,4.0,0.0,2.0,NORMAL,0
259.66,0.0,344.4788888888889,0.24622376472030208,2008.99062315,0.0,0.0,0.0,0.0,2.0,0.0,0.0,NORMAL,0
303.03,0.0,335.997,0.09811694747274541,1567.1336658666667,0.0,0.0,0.0,0.0,3.0,0.0,0.0,NORMAL,0
841.69,1.0,333.0,1.5275975975975977,356.51751248333335,0.0,0.0,0.0,0.0,5.0,0.0,1.0,SUSPICIOUS,0
391.43,0.0,375.3908333333334,0.04272658051941411,2221.8424114333334,0.0,0.0,0.0,0.0,6.0,0.0,0.0,NORMAL,0
254.84,0.0,376.62461538461537,0.32335808762857116,1964.46522785,0.0,0.0,0.0,0.0,2.0,0.0,0.0,NORMAL,0
198.98,0.0,367.92571428571426,0.45918430739124355,1585.4927608333335,0.0,0.0,0.0,0.0,4.0,0.0,0.0,NORMAL,0
240.23,1.0,356.6626666666667,0.326450390097833,1041.8662095333334,0.0,0.0,0.0,0.0,5.0,0.0,1.0,NORMAL,0
237.77,1.0,349.385625,0.31946255659487993,486.99366431666664,0.0,0.0,0.0,0.0,6.0,0.0,1.0,NORMAL,0
267.65,2.0,342.82000000000005,0.2192695875386502,31.664405833333333,0.0,0.0,0.0,0.0,7.0,1.0,2.0,NORMAL,0
234.08,0.0,338.6438888888889,0.3087724075930304,1442.7677997333333,0.0,0.0,0.0,0.0,7.0,0.0,0.0,NORMAL,0
275.91,1.0,333.1405263157895,0.17179094644744508,1027.75779885,0.0,0.0,0.0,0.0,8.0,0.0,1.0,NORMAL,0
374.98,0.0,330.279,0.1353431492768236,2272.3266873166667,0.0,0.0,0.0,0.0,0.0,0.0,0.0,SUSPICIOUS,0
233.21,1.0,332.40761904761905,0.2984216166038255,1035.3733871,0.0,0.0,0.0,0.0,3.0,0.0,1.0,NORMAL,0
276.4,0.0,327.8986363636364,0.15705657374715318,2009.2865653333333,0.0,0.0,0.0,0.0,9.0,0.0,0.0,NORMAL,0
282.36,0.0,325.65956521739133,0.1329595990478187,2110.9245267,0.0,0.0,0.0,0.0,4.0,0.0,0.0,NORMAL,0
291.15,1.0,323.85541666666666,0.10098770927870337,762.8657988,0.0,0.0,0.0,0.0,5.0,0.0,1.0,NORMAL,0
224.2,0.0,0.0,0.0,10080.0,0.0,0.0,0.0,0.0,0.0,0.0,0.0,NORMAL,0
183.02,0.0,224.2,0.18367528991971446,1554.9610430666667,0.0,0.0,0.0,0.0,0.0,0.0,0.0,NORMAL,0
220.63,1.0,203.61,0.08359117921516615,819.7129860833334,0.0,0.0,0.0,0.0,0.0,0.0,1.0,NORMAL,0
231.61,0.0,209.28333333333333,0.1066815322131083,2406.3457106,0.0,0.0,0.0,0.0,1.0,0.0,0.0,NORMAL,0
200.2,1.0,214.865,0.06825215833197598,1400.9542055166667,0.0,0.0,0.0,0.0,1.0,0.0,1.0,NORMAL,0
200.63,1.0,211.93200000000002,0.05332842609893749,147.0720927,0.0,0.0,0.0,0.0,2.0,0.0,1.0,NORMAL,0
2248.48,0.0,210.04833333333332,9.70458386561823,1890.6236661,1.0,1.0,1.0,1.0,2.0,0.0,0.0,FRAUD,1
250.16,0.0,501.2528571428571,0.5009305255117891,1779.0663772666667,0.0,0.0,0.0,0.0,3.0,0.0,0.0,NORMAL,0
1204.56,0.0,469.86625,1.5636231587180394,2720.7904072833335,1.0,1.0,1.0,1.0,3.0,0.0,0.0,FRAUD,1
267.81,0.0,551.4988888888888,0.5143961204716841,2159.1845848333332,0.0,0.0,0.0,0.0,4.0,0.0,0.0,NORMAL,0
194.01,1.0,523.13,0.6291361611836446,1324.3629826333333,0.0,0.0,0.0,0.0,4.0,0.0,1.0,NORMAL,0
220.68,0.0,493.21,0.5525638166298331,1895.74662605,0.0,0.0,0.0,0.0,1.0,0.0,0.0,NORMAL,0
1786.39,0.0,470.49916666666667,2.796797373002786,1586.93377805,1.0,1.0,1.0,1.0,5.0,0.0,0.0,FRAUD,1
257.3,0.0,571.7215384615384,0.5499557342331797,1587.38603995,0.0,0.0,1.0,0.0,2.0,0.0,0.0,SUSPICIOUS,0
282.17,1.0,549.2628571428571,0.48627511157811504,6.56223445,0.0,0.0,0.0,0.0,6.0,1.0,1.0,NORMAL,0
2014.9,2.0,531.4566666666667,2.7912780596724724,24.878814466666665,0.0,0.0,1.0,0.0,5.0,2.0,2.0,FRAUD,1
221.72,0.0,624.171875,0.6447773299621998,1646.1004213666668,0.0,0.0,0.0,0.0,3.0,0.0,0.0,NORMAL,0
248.56,1.0,600.4982352941176,0.5860770517031445,1060.99623455,0.0,0.0,0.0,0.0,4.0,0.0,1.0,NORMAL,0
215.32,2.0,580.9461111111111,0.629363213072928,270.1353185666666,0.0,0.0,0.0,0.0,7.0,0.0,2.0,NORMAL,0
269.36,1.0,561.7026315789474,0.5204580059686947,1409.3063689333333,0.0,0.0,0.0,0.0,0.0,0.0,1.0,SUSPICIOUS,0
845.62,1.0,547.0855,0.5456816164932172,1102.5635215833333,0.0,0.0,0.0,0.0,5.0,0.0,1.0,SUSPICIOUS,0
1668.66,0.0,561.3014285714286,1.9728411777730834,2447.40025285,1.0,1.0,1.0,1.0,6.0,0.0,0.0,FRAUD,1
219.95,0.0,611.6359090909091,0.6403906364377501,2011.3871075499999,0.0,0.0,0.0,0.0,8.0,0.0,0.0,NORMAL,0
750.42,1.0,594.6060869565217,0.2620456071026927,1247.3831160166667,0.0,0.0,0.0,0.0,7.0,0.0,1.0,SUSPICIOUS,0
173.11,0.0,601.0983333333334,0.7120105140867135,2148.035419316667,0.0,0.0,0.0,0.0,8.0,0.0,0.0,NORMAL,0
156.35,0.0,0.0,0.0,10080.0,0.0,0.0,0.0,0.0,0.0,0.0,0.0,NORMAL,0
154.27,0.0,156.35,0.01330348576910767,1880.5620136333334,0.0,0.0,0.0,0.0,0.0,0.0,0.0,NORMAL,0
181.62,0.0,155.31,0.16940312922542014,1973.9369325333332,0.0,0.0,0.0,0.0,1.0,0.0,0.0,NORMAL,0
167.41,1.0,164.08,0.02029497805948308,1055.7792101166667,0.0,0.0,0.0,0.0,2.0,0.0,1.0,NORMAL,0
438.99,0.0,164.9125,1.6619570984613052,2367.232569083333,0.0,0.0,0.0,0.0,1.0,0.0,0.0,SUSPICIOUS,0
596.37,1.0,219.728,1.7141283769023519,1080.3609513833333,0.0,0.0,0.0,0.0,0.0,0.0,1.0,SUSPICIOUS,0
176.09,0.0,282.50166666666667,0.37667624379797165,2363.0649907833335,0.0,0.0,0.0,0.0,3.0,0.0,0.0,NORMAL,0
138.81,1.0,267.3,0.48069584736251403,1360.2009329333334,0.0,0.0,0.0,0.0,1.0,0.0,1.0,NORMAL,0
154.16,1.0,251.23875,0.3864003860869393,1394.2176734166667,0.0,0.0,0.0,0.0,0.0,0.0,1.0,SUSPICIOUS,0
164.76,0.0,240.45222222222225,0.314791111193261,1520.0205861833333,0.0,0.0,0.0,0.0,2.0,0.0,0.0,NORMAL,0
125.16,1.0,232.88299999999998,0.46256274609997294,158.56700463333334,0.0,0.0,0.0,0.0,4.0,0.0,1.0,NORMAL,0
143.94,0.0,223.08999999999997,0.3547895468196691,1903.9115004833334,0.0,0.0,0.0,0.0,3.0,0.0,0.0,NORMAL,0
1442.75,1.0,216.49416666666664,5.664151843968083,1116.8677519166667,1.0,1.0,1.0,1.0,5.0,0.0,1.0,FRAUD,1
174.53,0.0,310.82153846153847,0.4384880762643911,1444.8704649333333,0.0,0.0,0.0,0.0,4.0,0.0,0.0,NORMAL,0
147.4,1.0,301.0864285714286,0.5104395747780064,1414.0669979166667,0.0,0.0,1.0,0.0,2.0,0.0,1.0,SUSPICIOUS,0
155.69,1.0,290.84066666666666,0.46468971556018074,1027.3567549499999,0.0,0.0,0.0,0.0,3.0,0.0,1.0,NORMAL,0
948.81,0.0,282.39375,2.3598831418896484,2879.8614755333333,1.0,1.0,1.0,1.0,5.0,0.0,0.0,FRAUD,1
921.15,1.0,321.5947058823529,1.8643195399397487,1104.4632682166666,0.0,1.0,1.0,1.0,6.0,0.0,1.0,FRAUD,1
145.84,1.0,354.90333333333336,0.5890712024870622,384.7131081333334,0.0,0.0,0.0,0.0,6.0,0.0,1.0,NORMAL,0
466.7,0.0,343.90000000000003,0.3570805466705436,1984.8412251666666,0.0,0.0,0.0,0.0,7.0,0.0,0.0,SUSPICIOUS,0
1417.11,0.0,350.04,3.0484230373671575,1607.7960167166668,1.0,1.0,1.0,1.0,7.0,0.0,0.0,FRAUD,1
1505.3,0.0,400.85285714285715,2.755243284853366,2802.103204933333,1.0,1.0,1.0,1.0,4.0,0.0,0.0,FRAUD,1
136.66,1.0,451.05499999999995,0.6970214275420958,384.06286005000004,0.0,0.0,0.0,0.0,5.0,0.0,1.0,NORMAL,0
159.16,2.0,437.385652173913,0.636110605803057,673.2926034833333,0.0,0.0,0.0,0.0,6.0,0.0,2.0,NORMAL,0
144.41,0.0,425.7929166666667,0.6608445224253182,2437.8012901499997,0.0,0.0,0.0,0.0,8.0,0.0,0.0,NORMAL,0
87.65,0.0,0.0,0.0,10080.0,0.0,0.0,0.0,0.0,0.0,0.0,0.0,NORMAL,0
85.17,1.0,87.65,0.028294352538505464,781.5739114,0.0,0.0,0.0,0.0,0.0,0.0,1.0,NORMAL,0
479.23,2.0,86.41,4.54600162018285,514.9227520333333,1.0,1.0,1.0,1.0,0.0,0.0,2.0,FRAUD,1
100.37,2.0,217.35000000000002,0.5382102599493904,905.2673903166667,0.0,0.0,0.0,0.0,1.0,0.0,2.0,NORMAL,0
100.03,1.0,188.10500000000002,0.46822253528614344,1319.1318184833333,0.0,0.0,0.0,0.0,0.0,0.0,1.0,SUSPICIOUS,0
90.61,1.0,170.49,0.46853187870256324,551.6298770833333,0.0,0.0,0.0,0.0,2.0,0.0,1.0,NORMAL,0
94.36,2.0,157.17666666666668,0.39965643755434443,484.4824932833333,0.0,0.0,0.0,0.0,3.0,0.0,2.0,NORMAL,0
74.83,0.0,148.20285714285714,0.49508395828112045,2082.88687875,0.0,0.0,0.0,0.0,4.0,0.0,0.0,NORMAL,0
97.23,1.0,139.03125,0.3006608226567768,935.6267198833334,0.0,0.0,0.0,0.0,5.0,0.0,1.0,NORMAL,0
311.23,0.0,134.38666666666666,1.3159291596388534,1870.0086606333332,0.0,0.0,0.0,0.0,1.0,0.0,0.0,SUSPICIOUS,0
83.7,0.0,152.071,0.4495992003735097,1828.32413,0.0,0.0,0.0,0.0,6.0,0.0,0.0,NORMAL,0
86.22,1.0,145.85545454545456,0.40886681085258764,497.12343566666664,0.0,0.0,0.0,0.0,2.0,0.0,1.0,NORMAL,0
83.29,2.0,140.88583333333335,0.40881209963149834,520.0630816666667,0.0,0.0,1.0,0.0,7.0,0.0,2.0,SUSPICIOUS,0
54.29,0.0,136.45538461538462,0.602141021015604,1806.4254899333332,0.0,0.0,0.0,0.0,3.0,0.0,0.0,NORMAL,0
86.08,0.0,130.58642857142857,0.3408197088955864,1795.2383826333332,0.0,0.0,0.0,0.0,8.0,0.0,0.0,NORMAL,0
87.06,0.0,127.61933333333333,0.3178149601157609,2542.8881936166667,0.0,0.0,0.0,0.0,9.0,0.0,0.0,NORMAL,0
84.2,1.0,125.08437500000001,0.32685437329802386,1275.94978895,0.0,0.0,0.0,0.0,1.0,0.0,1.0,NORMAL,0
105.61,0.0,122.67941176470589,0.13913835678837722,2363.0288786166666,0.0,0.0,0.0,0.0,4.0,0.0,0.0,NORMAL,0
91.09,0.0,121.7311111111111,0.2517114222603552,1883.5177479833333,0.0,0.0,0.0,0.0,10.0,0.0,0.0,NORMAL,0
85.45,1.0,120.11842105263158,0.28861868769854304,1204.3341991666666,0.0,0.0,0.0,0.0,11.0,0.0,1.0,NORMAL,0
75.07,0.0,118.38500000000002,0.3658825020061665,2159.58824115,0.0,0.0,0.0,0.0,12.0,0.0,0.0,NORMAL,0
234.6,0.0,116.32238095238095,1.016808786746194,2363.440869316667,0.0,0.0,0.0,0.0,13.0,0.0,0.0,SUSPICIOUS,0
88.6,0.0,121.69863636363635,0.27197212189574094,2475.9384226166667,0.0,0.0,0.0,0.0,2.0,0.0,0.0,NORMAL,0
711.06,0.0,120.25956521739131,4.912710550005964,1648.1089750333333,1.0,1.0,1.0,1.0,3.0,0.0,0.0,FRAUD,1
72.77,0.0,144.87625,0.4977092518615025,2442.5713653499997,0.0,0.0,0.0,0.0,4.0,0.0,0.0,NORMAL,0
665.28,0.0,0.0,0.0,10080.0,0.0,0.0,0.0,0.0,0.0,0.0,0.0,SUSPICIOUS,0
281.66,1.0,665.28,0.5766293891293891,1342.0813131833334,0.0,0.0,0.0,0.0,0.0,0.0,1.0,SUSPICIOUS,0
258.24,2.0,473.47,0.4545800156292901,38.46834816666667,0.0,0.0,0.0,0.0,1.0,1.0,2.0,NORMAL,0
235.13,2.0,401.7266666666667,0.41470153835941526,890.5383065333333,0.0,0.0,0.0,0.0,2.0,0.0,2.0,NORMAL,0
217.16,0.0,360.0775,0.3969076101672556,2087.9159514333332,0.0,0.0,0.0,0.0,3.0,0.0,0.0,NORMAL,0
222.44,1.0,331.494,0.3289772967233193,955.8996274333333,0.0,0.0,0.0,0.0,4.0,0.0,1.0,NORMAL,0
214.63,0.0,313.3183333333333,0.31497784468405404,1808.5742016666666,0.0,0.0,0.0,0.0,1.0,0.0,0.0,SUSPICIOUS,0
218.9,0.0,299.21999999999997,0.268431254595281,2406.0938851666665,0.0,0.0,0.0,0.0,5.0,0.0,0.0,NORMAL,0
747.64,0.0,289.18,1.5853793485026626,2639.1198604,0.0,0.0,0.0,0.0,0.0,0.0,0.0,SUSPICIOUS,0
186.89,1.0,340.12,0.4505174644243209,1084.4419949166668,0.0,0.0,0.0,0.0,6.0,0.0,1.0,NORMAL,0
206.52,0.0,324.79699999999997,0.3641566886393654,2165.9265597166664,0.0,0.0,1.0,0.0,1.0,0.0,0.0,SUSPICIOUS,0
760.71,1.0,314.0445454545454,1.4222996737579212,255.45683406666666,0.0,0.0,0.0,0.0,2.0,0.0,1.0,SUSPICIOUS,0
279.4,2.0,351.26666666666665,0.20459290187891443,113.47333361666666,0.0,0.0,0.0,0.0,0.0,0.0,2.0,NORMAL,0
302.18,3.0,345.7384615384616,0.12598673964312743,77.66254228333334,0.0,0.0,0.0,0.0,3.0,0.0,3.0,NORMAL,0
220.55,0.0,342.6271428571428,0.3562973494719373,1510.9067613666666,0.0,0.0,0.0,0.0,2.0,0.0,0.0,SUSPICIOUS,0
244.31,1.0,334.4886666666667,0.2696015609896101,595.70775425,0.0,0.0,0.0,0.0,7.0,0.0,1.0,NORMAL,0
815.26,0.0,328.8525,1.4791053739898585,2443.5084456333334,0.0,0.0,0.0,0.0,8.0,0.0,0.0,SUSPICIOUS,0
257.85,0.0,357.4647058823529,0.27867004558245145,1899.9208399166666,0.0,0.0,0.0,0.0,4.0,0.0,0.0,NORMAL,0
723.22,0.0,351.93055555555554,1.0550076956470265,1535.7606657666665,0.0,0.0,0.0,0.0,9.0,0.0,0.0,SUSPICIOUS,0
229.25,1.0,371.4721052631579,0.3828607942510382,49.847806066666664,0.0,0.0,0.0,0.0,1.0,1.0,1.0,NORMAL,0
737.29,2.0,364.361,1.0235151402043576,412.83432595,0.0,0.0,0.0,0.0,10.0,0.0,2.0,SUSPICIOUS,0
193.51,0.0,382.1195238095238,0.493587770468228,2570.3066829500003,0.0,0.0,0.0,0.0,11.0,0.0,0.0,NORMAL,0
258.71,1.0,373.54636363636365,0.30742198242399027,310.43396479999996,0.0,0.0,0.0,0.0,12.0,0.0,1.0,NORMAL,0
236.24,0.0,368.55347826086955,0.35900754182332095,2031.2434042333334,0.0,0.0,0.0,0.0,0.0,0.0,0.0,SUSPICIOUS,0
2205.87,1.0,363.04041666666666,5.0761003423631665,231.74007575,1.0,1.0,1.0,1.0,13.0,0.0,1.0,FRAUD,1
307.66,0.0,0.0,0.0,10080.0,0.0,0.0,0.0,0.0,0.0,0.0,0.0,SUSPICIOUS,0
277.4,0.0,307.66,0.09835532730936764,2629.5642690833333,0.0,0.0,0.0,0.0,0.0,0.0,0.0,NORMAL,0
259.72,1.0,292.53,0.11215943663897703,1407.0943493999998,0.0,0.0,0.0,0.0,1.0,0.0,1.0,NORMAL,0
291.43,0.0,281.5933333333333,0.03493217168967081,2213.0639134333333,0.0,0.0,0.0,0.0,2.0,0.0,0.0,NORMAL,0
242.75,0.0,284.0525,0.14540445868281393,2355.64701225,0.0,0.0,1.0,0.0,3.0,0.0,0.0,SUSPICIOUS,0
276.28,1.0,275.79200000000003,0.0017694494401575922,691.6653886,0.0,0.0,0.0,0.0,4.0,0.0,1.0,NORMAL,0
297.58,2.0,275.87333333333333,0.07868345375897144,195.85625218333334,0.0,0.0,0.0,0.0,0.0,0.0,2.0,NORMAL,0
232.95,2.0,278.9742857142857,0.16497680277752177,684.7075132166667,0.0,0.0,0.0,0.0,0.0,0.0,2.0,NORMAL,0
269.56,0.0,273.22125,0.013400312018190369,1707.8768502333332,0.0,0.0,0.0,0.0,1.0,0.0,0.0,NORMAL,0
325.89,0.0,272.81444444444446,0.1945481870054126,1725.3968879,0.0,0.0,0.0,0.0,5.0,0.0,0.0,NORMAL,0
335.04,0.0,278.12199999999996,0.2046511962376226,1859.6987178000002,0.0,0.0,0.0,0.0,1.0,0.0,0.0,NORMAL,0
250.39,1.0,283.29636363636365,0.11615526303966944,6.529794466666667,0.0,0.0,0.0,0.0,2.0,1.0,1.0,NORMAL,0
269.55,2.0,280.5541666666667,0.039222966450328946,843.7803505666667,0.0,0.0,0.0,0.0,2.0,0.0,2.0,NORMAL,0
2821.4,0.0,279.7076923076923,9.086958913151092,1644.9743961833333,1.0,1.0,1.0,1.0,3.0,0.0,0.0,FRAUD,1
248.37,0.0,461.25714285714287,0.4615367938553023,2840.9758177666668,0.0,0.0,0.0,0.0,3.0,0.0,0.0,NORMAL,0
813.41,1.0,447.0646666666667,0.8194459563642543,158.68789231666668,0.0,0.0,0.0,0.0,6.0,0.0,1.0,SUSPICIOUS,0
245.63,0.0,469.96125,0.477339887065157,2024.1856896499999,0.0,0.0,0.0,0.0,7.0,0.0,0.0,NORMAL,0
321.48,0.0,456.76529411764704,0.2961812025998678,1909.9892483333335,0.0,0.0,0.0,0.0,8.0,0.0,0.0,NORMAL,0
291.97,0.0,449.2494444444444,0.35009379842181204,2420.05276165,0.0,0.0,0.0,0.0,4.0,0.0,0.0,NORMAL,0
288.44,0.0,440.97157894736847,0.34589888833986204,2079.1289538,0.0,0.0,0.0,0.0,5.0,0.0,0.0,NORMAL,0
306.91,1.0,433.34499999999997,0.29176522170556934,400.371051,0.0,0.0,0.0,0.0,1.0,0.0,1.0,SUSPICIOUS,0
331.28,1.0,427.3242857142857,0.22475737730128006,1111.6700990499999,0.0,0.0,0.0,0.0,4.0,0.0,1.0,NORMAL,0
955.79,1.0,422.95863636363634,1.2597718023146474,1437.7031135,0.0,0.0,0.0,0.0,5.0,0.0,1.0,SUSPICIOUS,0
279.97,0.0,446.1252173913043,0.37244076531447584,2031.8324273,0.0,0.0,0.0,0.0,6.0,0.0,0.0,NORMAL,0
364.33,0.0,439.20208333333335,0.1704729694474355,2104.553039266667,0.0,0.0,0.0,0.0,6.0,0.0,0.0,NORMAL,0
252.3,0.0,0.0,0.0,10080.0,0.0,0.0,0.0,0.0,0.0,0.0,0.0,NORMAL,0
182.67,1.0,252.3,0.27598097502972657,157.67325813333335,0.0,0.0,0.0,0.0,0.0,0.0,1.0,NORMAL,0
216.68,0.0,217.485,0.0037014046945766685,2114.9830093666665,0.0,0.0,0.0,0.0,0.0,0.0,0.0,NORMAL,0
1633.42,1.0,217.21666666666667,6.519772884216988,107.52761426666666,1.0,1.0,1.0,1.0,1.0,0.0,1.0,FRAUD,1
188.21,1.0,571.2675,0.6705396333591531,1399.2007808333333,0.0,0.0,0.0,0.0,1.0,0.0,1.0,NORMAL,0
235.23,1.0,494.65600000000006,0.5244574006986674,386.9164043,0.0,0.0,0.0,0.0,1.0,0.0,1.0,NORMAL,0
232.79,0.0,451.41833333333335,0.48431425396251077,1706.7473406,0.0,0.0,0.0,0.0,2.0,0.0,0.0,NORMAL,0
867.76,1.0,420.1857142857143,1.065182062353381,756.8399376333333,0.0,0.0,0.0,0.0,2.0,0.0,1.0,SUSPICIOUS,0
766.73,0.0,476.1325,0.6103290575627583,1717.5937200166666,0.0,0.0,0.0,0.0,2.0,0.0,0.0,SUSPICIOUS,0
214.12,0.0,508.4211111111111,0.5788530505114964,2092.5213899666664,0.0,0.0,0.0,0.0,3.0,0.0,0.0,NORMAL,0
280.34,1.0,478.991,0.4147280429068605,156.95166815,0.0,0.0,0.0,0.0,3.0,0.0,1.0,NORMAL,0
723.83,0.0,460.9318181818182,0.570362408165278,2150.43666745,0.0,0.0,0.0,0.0,4.0,0.0,0.0,SUSPICIOUS,0
183.7,1.0,482.84,0.619542705658189,1255.4264634666665,0.0,0.0,0.0,0.0,5.0,0.0,1.0,NORMAL,0
166.09,1.0,459.8292307692308,0.6388006918956535,913.2891073666667,0.0,0.0,0.0,0.0,6.0,0.0,1.0,NORMAL,0
1230.48,1.0,438.84785714285715,1.8038874520456976,1246.95261515,1.0,1.0,1.0,1.0,4.0,0.0,1.0,FRAUD,1
212.03,0.0,491.62333333333333,0.5687145307722037,2228.0360179833337,0.0,0.0,0.0,0.0,0.0,0.0,0.0,SUSPICIOUS,0
200.32,0.0,474.14875,0.5775165493951002,1939.6325449,0.0,0.0,0.0,0.0,1.0,0.0,0.0,SUSPICIOUS,0
264.38,0.0,458.0411764705882,0.42280298457626464,1976.1257131166667,0.0,0.0,0.0,0.0,3.0,0.0,0.0,NORMAL,0
229.35,1.0,447.28222222222223,0.48723649497955557,169.47861391666666,0.0,0.0,0.0,0.0,7.0,0.0,1.0,NORMAL,0
223.77,0.0,435.8121052631579,0.4865447808869829,2758.70380065,0.0,0.0,0.0,0.0,8.0,0.0,0.0,NORMAL,0
172.21,0.0,425.21000000000004,0.5950001175889561,2314.3969892333334,0.0,0.0,0.0,0.0,5.0,0.0,0.0,NORMAL,0
225.77,1.0,413.16238095238094,0.45355625195213223,852.59020425,0.0,0.0,0.0,0.0,6.0,0.0,1.0,NORMAL,0
169.43,0.0,404.6445454545455,0.5812868308661474,1924.6226269166666,0.0,0.0,1.0,0.0,4.0,0.0,0.0,SUSPICIOUS,0
244.46,0.0,394.41782608695655,0.38020042748751326,2239.402501116667,0.0,0.0,0.0,0.0,7.0,0.0,0.0,NORMAL,0
212.52,1.0,388.1695833333333,0.4525073341011821,1272.2120694,0.0,0.0,0.0,0.0,5.0,0.0,1.0,NORMAL,0
42.8,0.0,0.0,0.0,10080.0,0.0,0.0,0.0,0.0,0.0,0.0,0.0,NORMAL,0
39.9,0.0,42.8,0.06775700934579436,2062.0605132166665,0.0,0.0,0.0,0.0,1.0,0.0,0.0,NORMAL,0
188.41,0.0,41.349999999999994,3.556469165659009,2096.964765383333,0.0,0.0,0.0,0.0,0.0,0.0,0.0,SUSPICIOUS,0
53.6,1.0,90.37,0.4068828150935045,771.7384467333334,0.0,0.0,0.0,0.0,0.0,0.0,1.0,SUSPICIOUS,0
44.64,1.0,81.1775,0.45009392996827935,1380.1727105666666,0.0,0.0,0.0,0.0,1.0,0.0,1.0,NORMAL,0
62.09,0.0,73.87,0.15946933802626237,2247.2310914333334,0.0,0.0,0.0,0.0,2.0,0.0,0.0,NORMAL,0
58.34,1.0,71.90666666666667,0.18867049879473385,876.3278918166667,0.0,0.0,0.0,0.0,3.0,0.0,1.0,NORMAL,0
48.01,0.0,69.96857142857142,0.31383478296377965,2423.5558814,0.0,0.0,0.0,0.0,0.0,0.0,0.0,SUSPICIOUS,0
48.68,0.0,67.22375,0.27585116867178633,2786.6322488,0.0,0.0,0.0,0.0,2.0,0.0,0.0,NORMAL,0
48.3,1.0,65.16333333333334,0.2587856156325133,249.89478095,0.0,0.0,0.0,0.0,3.0,0.0,1.0,NORMAL,0
63.18,2.0,63.477,0.004678860059549082,560.94847415,0.0,0.0,1.0,0.0,0.0,0.0,2.0,SUSPICIOUS,0
325.2,0.0,63.45,4.125295508274231,1442.09225145,1.0,1.0,1.0,1.0,4.0,0.0,0.0,FRAUD,1
37.73,1.0,85.2625,0.5574842398475297,614.3630768999999,0.0,0.0,0.0,0.0,4.0,0.0,1.0,NORMAL,0
45.09,2.0,81.60615384615383,0.44746813965764254,111.98641616666667,0.0,0.0,0.0,0.0,5.0,0.0,2.0,NORMAL,0
171.57,3.0,78.99785714285714,1.1718310623253794,137.63406716666665,0.0,0.0,0.0,0.0,5.0,0.0,3.0,SUSPICIOUS,0
40.91,4.0,85.16933333333333,0.5196627894234231,496.56130078333337,0.0,0.0,0.0,0.0,1.0,0.0,4.0,NORMAL,0
45.86,0.0,82.403125,0.4434677082938299,1715.96506815,0.0,0.0,0.0,0.0,2.0,0.0,0.0,NORMAL,0
66.99,0.0,80.2535294117647,0.16527035644391674,2126.8062302499998,0.0,0.0,0.0,0.0,3.0,0.0,0.0,NORMAL,0
59.84,0.0,79.51666666666667,0.24745336407461743,2409.891463233333,0.0,0.0,0.0,0.0,4.0,0.0,0.0,SUSPICIOUS,0
56.38,1.0,78.48105263157895,0.28161004332255857,488.97815191666666,0.0,0.0,0.0,0.0,6.0,0.0,1.0,NORMAL,0
63.17,0.0,77.376,0.18359698097601326,2666.3914749333335,0.0,0.0,0.0,0.0,7.0,0.0,0.0,NORMAL,0
54.8,1.0,76.69952380952381,0.28552359547771455,24.248688766666664,0.0,0.0,0.0,0.0,5.0,1.0,1.0,NORMAL,0
57.88,0.0,75.70409090909091,0.235444223621877,1999.12913775,0.0,0.0,0.0,0.0,8.0,0.0,0.0,SUSPICIOUS,0
377.12,1.0,74.9291304347826,4.033022508225163,1190.1780266166668,1.0,1.0,1.0,1.0,6.0,0.0,1.0,FRAUD,1
64.99,1.0,87.52041666666666,0.2574304090950207,1209.5905907000001,0.0,0.0,0.0,0.0,7.0,0.0,1.0,NORMAL,0
169.8,0.0,0.0,0.0,10080.0,0.0,0.0,0.0,0.0,0.0,0.0,0.0,NORMAL,0
147.76,0.0,169.8,0.1297997644287398,1900.9062532166668,0.0,0.0,0.0,0.0,0.0,0.0,0.0,NORMAL,0
111.65,1.0,158.78,0.2968257966998362,1369.4625017,0.0,0.0,0.0,0.0,1.0,0.0,1.0,NORMAL,0
190.14,1.0,143.07000000000002,0.3289997903124342,1052.6908805333335,0.0,0.0,0.0,0.0,2.0,0.0,1.0,NORMAL,0
133.46,2.0,154.8375,0.13806409945911033,130.49444515,0.0,0.0,1.0,0.0,1.0,0.0,2.0,SUSPICIOUS,0
151.09,0.0,150.56199999999998,0.003506860960933171,1485.8332844,0.0,0.0,0.0,0.0,3.0,0.0,0.0,NORMAL,0
463.51,0.0,150.65,2.0767341520079654,2153.1273296333334,0.0,0.0,0.0,0.0,0.0,0.0,0.0,SUSPICIOUS,0
145.37,0.0,195.34428571428572,0.255826708887605,2126.2873669166665,0.0,0.0,0.0,0.0,2.0,0.0,0.0,SUSPICIOUS,0
1092.78,1.0,189.0975,4.778923571173601,422.56121561666663,1.0,1.0,1.0,1.0,1.0,0.0,1.0,FRAUD,1
208.67,2.0,289.50666666666666,0.2792221249942431,781.1020820333334,0.0,0.0,0.0,0.0,2.0,0.0,2.0,NORMAL,0
213.91,1.0,281.423,0.2398986578922121,1323.9558303666668,0.0,0.0,0.0,0.0,3.0,0.0,1.0,NORMAL,0
593.13,0.0,275.2854545454545,1.1545998533753397,1740.8498147,0.0,0.0,0.0,0.0,3.0,0.0,0.0,SUSPICIOUS,0
191.91,0.0,301.7725,0.36405736109155074,2411.5064614166668,0.0,0.0,0.0,0.0,4.0,0.0,0.0,NORMAL,0
182.55,1.0,293.32153846153847,0.3776454297987506,946.6485526333333,0.0,0.0,0.0,0.0,4.0,0.0,1.0,NORMAL,0
174.17,1.0,285.4092857142857,0.3897535619273575,1358.65565985,0.0,0.0,0.0,0.0,4.0,0.0,1.0,SUSPICIOUS,0
619.81,1.0,277.9933333333333,1.229585841387084,1383.4200809166666,0.0,0.0,0.0,0.0,5.0,0.0,1.0,SUSPICIOUS,0
208.63,1.0,299.356875,0.3030726286142585,1174.6203638166667,0.0,0.0,0.0,0.0,5.0,0.0,1.0,NORMAL,0
160.09,0.0,294.02,0.45551323039249025,1867.3179303833335,0.0,0.0,0.0,0.0,6.0,0.0,0.0,NORMAL,0
125.43,0.0,286.57944444444445,0.5623203183914486,2153.70196605,0.0,0.0,0.0,0.0,7.0,0.0,0.0,NORMAL,0
140.24,0.0,278.0978947368421,0.4957171461772264,2518.4480352833334,0.0,0.0,0.0,0.0,5.0,0.0,0.0,NORMAL,0
136.35,1.0,271.20500000000004,0.4972437823786436,209.18775328333334,0.0,0.0,0.0,0.0,6.0,0.0,1.0,SUSPICIOUS,0
206.49,0.0,264.7833333333333,0.22015484358280343,2169.8001435,0.0,0.0,0.0,0.0,6.0,0.0,0.0,NORMAL,0
1102.73,1.0,262.13363636363636,3.2067474258445556,163.52875455,0.0,0.0,1.0,1.0,8.0,0.0,1.0,FRAUD,1
194.36,2.0,298.6813043478261,0.34927296362125104,509.71851676666665,0.0,0.0,0.0,0.0,9.0,0.0,2.0,NORMAL,0
172.82,3.0,294.33458333333334,0.41284507568625844,332.36476895000004,0.0,0.0,0.0,0.0,7.0,0.0,3.0,NORMAL,0
221.74,0.0,0.0,0.0,10080.0,0.0,0.0,0.0,0.0,0.0,0.0,0.0,NORMAL,0
207.24,1.0,221.74,0.0653919004239199,1403.4161254,0.0,0.0,0.0,0.0,0.0,0.0,1.0,NORMAL,0
166.87,0.0,214.49,0.22201501235488835,1534.6934725166668,0.0,0.0,0.0,0.0,0.0,0.0,0.0,SUSPICIOUS,0
576.86,1.0,198.61666666666667,1.9043886884282957,547.3281958499999,0.0,0.0,0.0,0.0,0.0,0.0,1.0,SUSPICIOUS,0
206.79,0.0,293.1775,0.2946593787040275,2755.3457965833336,0.0,0.0,0.0,0.0,1.0,0.0,0.0,NORMAL,0
1931.19,1.0,275.9,5.999601304820588,593.0321994666666,1.0,1.0,1.0,1.0,1.0,0.0,1.0,FRAUD,1
738.14,1.0,551.7816666666666,0.3377392628122839,1213.4535424666667,0.0,0.0,0.0,0.0,1.0,0.0,1.0,SUSPICIOUS,0
219.75,0.0,578.4042857142857,0.6200754291980646,1499.3892680166668,0.0,0.0,0.0,0.0,2.0,0.0,0.0,NORMAL,0
139.17,0.0,533.5725,0.7391732145116175,1711.3087510333332,0.0,0.0,0.0,0.0,3.0,0.0,0.0,NORMAL,0
170.84,1.0,489.75,0.6511689637570188,886.86664345,0.0,0.0,1.0,0.0,4.0,0.0,1.0,SUSPICIOUS,0
236.14,0.0,457.85900000000004,0.48425170194317474,2218.2607445000003,0.0,0.0,0.0,0.0,5.0,0.0,0.0,NORMAL,0
185.58,1.0,437.7027272727273,0.5760136082397144,468.11012225,0.0,0.0,0.0,0.0,2.0,0.0,1.0,NORMAL,0
266.5,0.0,416.69250000000005,0.3604396527415301,1997.2775390166667,0.0,0.0,0.0,0.0,2.0,0.0,0.0,NORMAL,0
259.75,0.0,405.1392307692308,0.35886238539077736,1657.1853413666665,0.0,0.0,0.0,0.0,3.0,0.0,0.0,NORMAL,0
171.06,0.0,394.75428571428574,0.5666671491850265,1622.5883347333333,0.0,0.0,0.0,0.0,4.0,0.0,0.0,NORMAL,0
223.04,1.0,379.84133333333335,0.4128074529364893,473.3055256,0.0,0.0,0.0,0.0,6.0,0.0,1.0,NORMAL,0
1385.71,0.0,370.04125,2.7447446737356986,2214.721208616667,1.0,1.0,0.0,1.0,5.0,0.0,0.0,FRAUD,1
1600.21,1.0,429.78647058823526,2.723267504930629,838.9633229666667,0.0,0.0,1.0,1.0,7.0,0.0,1.0,FRAUD,1
214.04,0.0,494.81,0.5674299225965522,1954.5959604000002,0.0,0.0,0.0,0.0,3.0,0.0,0.0,NORMAL,0
169.73,1.0,480.0326315789474,0.6464198705789738,271.79077136666666,0.0,0.0,0.0,0.0,8.0,0.0,1.0,NORMAL,0
169.71,2.0,464.51750000000004,0.6346531616139327,568.4868454499999,0.0,0.0,0.0,0.0,4.0,0.0,2.0,NORMAL,0
217.81,0.0,450.4790476190476,0.5164924958192654,1739.5159676666667,0.0,0.0,0.0,0.0,9.0,0.0,0.0,NORMAL,0
223.77,1.0,439.90318181818185,0.49131988753723704,431.1966269,0.0,0.0,0.0,0.0,10.0,0.0,1.0,SUSPICIOUS,0
198.79,0.0,430.5060869565217,0.5382411398515801,2815.4029075,0.0,0.0,0.0,0.0,5.0,0.0,0.0,SUSPICIOUS,0
223.54,0.0,420.85125,0.4688384553924932,2137.1505423333333,0.0,0.0,0.0,0.0,6.0,0.0,0.0,NORMAL,0
24.95,0.0,0.0,0.0,10080.0,0.0,0.0,0.0,0.0,0.0,0.0,0.0,NORMAL,0
257.24,1.0,24.95,9.310220440881764,877.4862921833334,1.0,1.0,1.0,1.0,0.0,0.0,1.0,FRAUD,1
37.27,1.0,141.095,0.7358517311031574,1334.1327782166666,0.0,0.0,0.0,0.0,1.0,0.0,1.0,NORMAL,0
42.42,0.0,106.48666666666668,0.6016402679521693,2397.983420533333,0.0,0.0,0.0,0.0,0.0,0.0,0.0,NORMAL,0
35.45,0.0,90.47,0.6081574002431746,1613.3737568666666,0.0,0.0,0.0,0.0,2.0,0.0,0.0,NORMAL,0
202.24,1.0,79.46600000000001,1.5449877935217575,760.9337657166667,1.0,1.0,1.0,1.0,1.0,0.0,1.0,FRAUD,1
35.59,0.0,99.92833333333334,0.6438447554080424,2203.800554616667,0.0,0.0,0.0,0.0,2.0,0.0,0.0,NORMAL,0
42.24,1.0,90.73714285714287,0.5344795012280371,1386.9164922666666,0.0,0.0,0.0,0.0,3.0,0.0,1.0,NORMAL,0
34.59,0.0,84.675,0.591496899911426,2112.5191955833334,0.0,0.0,0.0,0.0,4.0,0.0,0.0,NORMAL,0
45.19,1.0,79.11,0.428770066995323,174.15887233333333,0.0,0.0,0.0,0.0,3.0,0.0,1.0,NORMAL,0
285.96,0.0,75.718,2.776644919305845,1834.5742661166666,1.0,1.0,1.0,1.0,1.0,0.0,0.0,FRAUD,1
44.06,0.0,94.8309090909091,0.5353835535019269,1810.9580801166667,0.0,0.0,1.0,0.0,2.0,0.0,0.0,SUSPICIOUS,0
31.79,1.0,90.60000000000001,0.6491169977924945,786.1730902,0.0,0.0,0.0,0.0,5.0,0.0,1.0,NORMAL,0
37.8,0.0,86.07615384615384,0.5608539843966435,1673.0540475666667,0.0,0.0,0.0,0.0,6.0,0.0,0.0,SUSPICIOUS,0
279.69,1.0,82.62785714285714,2.3849359002066066,984.0598243500001,1.0,1.0,1.0,1.0,4.0,0.0,1.0,FRAUD,1
34.54,0.0,95.76533333333333,0.6393266874582312,2638.673553933333,0.0,0.0,0.0,0.0,3.0,0.0,0.0,NORMAL,0
47.31,1.0,91.93875,0.4854182811926418,405.5261841166667,0.0,0.0,0.0,0.0,7.0,0.0,1.0,NORMAL,0
117.97,2.0,89.3135294117647,0.32085251559278943,881.6625609666667,0.0,0.0,0.0,0.0,5.0,0.0,2.0,SUSPICIOUS,0
163.86,1.0,90.90555555555555,0.8025300983927155,609.0830526000001,1.0,1.0,1.0,1.0,6.0,0.0,1.0,FRAUD,1
41.33,2.0,94.74526315789474,0.563777664207626,315.86715548333336,0.0,0.0,0.0,0.0,7.0,0.0,2.0,SUSPICIOUS,0
110.64,0.0,92.0745,0.20163563201537885,1924.6433812333335,0.0,0.0,0.0,0.0,8.0,0.0,0.0,SUSPICIOUS,0
43.59,1.0,92.95857142857143,0.531081434125801,1016.3077574333333,0.0,0.0,0.0,0.0,4.0,0.0,1.0,NORMAL,0
45.8,0.0,90.71454545454546,0.495119555849518,2099.8644531166665,0.0,0.0,0.0,0.0,9.0,0.0,0.0,NORMAL,0
45.89,0.0,88.76173913043478,0.482997962302598,2199.563350733333,0.0,0.0,0.0,0.0,8.0,0.0,0.0,NORMAL,0
35.54,0.0,86.97541666666666,0.5913787899837598,2804.06864375,0.0,0.0,0.0,0.0,5.0,0.0,0.0,NORMAL,0
257.37,0.0,0.0,0.0,10080.0,0.0,0.0,0.0,0.0,0.0,0.0,0.0,NORMAL,0
218.43,0.0,257.37,0.15129968527800441,1483.9573822666669,0.0,0.0,0.0,0.0,1.0,0.0,0.0,NORMAL,0
220.13,1.0,237.9,0.07469525010508621,323.0486473333333,0.0,0.0,0.0,0.0,0.0,0.0,1.0,NORMAL,0
208.92,1.0,231.9766666666667,0.09939218024801359,1424.93058325,0.0,0.0,0.0,0.0,1.0,0.0,1.0,NORMAL,0
227.3,0.0,226.2125,0.004807426645300351,2811.53858175,0.0,0.0,0.0,0.0,2.0,0.0,0.0,NORMAL,0
234.29,0.0,226.43,0.034712714746279134,2423.2014827000003,0.0,0.0,0.0,0.0,0.0,0.0,0.0,NORMAL,0
172.9,0.0,227.74,0.24080091332220954,2876.3308380166663,0.0,0.0,0.0,0.0,3.0,0.0,0.0,NORMAL,0
215.42,1.0,219.90571428571428,0.020398352540699303,348.6320833333333,0.0,0.0,0.0,0.0,1.0,0.0,1.0,NORMAL,0
226.31,2.0,219.345,0.03175363012605714,1051.30252125,0.0,0.0,0.0,0.0,2.0,0.0,2.0,NORMAL,0
257.44,0.0,220.11888888888888,0.16954978875052376,1440.4424623999998,0.0,0.0,1.0,0.0,4.0,0.0,0.0,SUSPICIOUS,0
1224.89,0.0,223.85100000000003,4.4718987183438985,1922.0297269833331,1.0,1.0,1.0,1.0,3.0,0.0,0.0,FRAUD,1
206.68,1.0,314.8545454545455,0.34356990240803836,292.2601435166667,0.0,0.0,0.0,0.0,2.0,0.0,1.0,NORMAL,0
211.72,2.0,305.84,0.30774261051530205,82.87630406666668,0.0,0.0,0.0,0.0,5.0,0.0,2.0,NORMAL,0
212.12,3.0,298.6,0.28961821835231083,225.91060248333332,0.0,0.0,0.0,0.0,4.0,0.0,3.0,SUSPICIOUS,0
143.62,0.0,292.42285714285714,0.5088619220698011,1908.8559525166668,0.0,0.0,0.0,0.0,3.0,0.0,0.0,NORMAL,0
198.74,1.0,282.50266666666664,0.2965022159082863,96.81415565,0.0,0.0,0.0,0.0,6.0,0.0,1.0,NORMAL,0
244.27,2.0,277.2675,0.11900962067317654,910.0431345333333,0.0,0.0,0.0,0.0,5.0,0.0,2.0,NORMAL,0
660.65,0.0,275.3264705882353,1.3995150142611446,2245.9452174166668,0.0,0.0,0.0,0.0,7.0,0.0,0.0,SUSPICIOUS,0
687.0,1.0,296.73333333333335,1.3152100651538978,1124.2173306333332,0.0,0.0,0.0,0.0,8.0,0.0,1.0,SUSPICIOUS,0
972.18,1.0,317.2736842105263,2.064168408480143,1427.7423089166666,1.0,1.0,1.0,1.0,9.0,0.0,1.0,FRAUD,1
247.69,1.0,350.019,0.2923527008533823,1059.0626105000001,0.0,0.0,0.0,0.0,10.0,0.0,1.0,SUSPICIOUS,0
240.18,1.0,345.14619047619044,0.3041209590966974,1189.88567775,0.0,0.0,0.0,0.0,6.0,0.0,1.0,NORMAL,0
219.06,0.0,340.375,0.3564157179581344,1868.5900387166666,0.0,0.0,0.0,0.0,7.0,0.0,0.0,NORMAL,0
228.22,1.0,335.1004347826087,0.3189504509355405,943.25979195,0.0,0.0,0.0,0.0,11.0,0.0,1.0,NORMAL,0
195.92,2.0,330.64708333333334,0.40746490782594236,64.63613191666667,0.0,0.0,0.0,0.0,12.0,0.0,2.0,NORMAL,0
232.17,0.0,0.0,0.0,10080.0,0.0,0.0,0.0,0.0,0.0,0.0,0.0,NORMAL,0
798.7,0.0,232.17,2.440151613042168,1450.9567339166667,0.0,0.0,0.0,0.0,0.0,0.0,0.0,SUSPICIOUS,0
725.01,0.0,515.4350000000001,0.4065983101652001,2441.2381866,0.0,0.0,0.0,0.0,1.0,0.0,0.0,SUSPICIOUS,0
238.95,0.0,585.2933333333334,0.5917431715151378,1654.29847225,0.0,0.0,0.0,0.0,0.0,0.0,0.0,SUSPICIOUS,0
257.88,1.0,498.7075,0.4829033050435375,1233.5023286833334,0.0,0.0,0.0,0.0,1.0,0.0,1.0,NORMAL,0
203.84,0.0,450.54200000000003,0.5475671524519357,2317.0601701,0.0,0.0,0.0,0.0,2.0,0.0,0.0,NORMAL,0
275.88,1.0,409.425,0.32617695548635284,1308.5790117166666,0.0,0.0,0.0,0.0,0.0,0.0,1.0,SUSPICIOUS,0
288.13,0.0,390.34714285714284,0.26186215200389396,2485.427984633333,0.0,0.0,0.0,0.0,3.0,0.0,0.0,NORMAL,0
749.72,0.0,377.57,0.9856450459517442,1771.8496840833332,0.0,0.0,0.0,0.0,2.0,0.0,0.0,SUSPICIOUS,0
217.03,1.0,418.92,0.48192972405232504,430.61536168333333,0.0,0.0,0.0,0.0,4.0,0.0,1.0,NORMAL,0
309.25,2.0,398.731,0.2244144548580371,191.16471986666664,0.0,0.0,0.0,0.0,5.0,0.0,2.0,NORMAL,0
264.32,0.0,390.59636363636366,0.3232911910924089,1862.7265865166667,0.0,0.0,0.0,0.0,0.0,0.0,0.0,NORMAL,0
261.87,1.0,380.0733333333333,0.31100138569749697,711.8159166166666,0.0,0.0,1.0,0.0,3.0,0.0,1.0,SUSPICIOUS,0
2170.9,1.0,370.9807692307692,4.851785806852937,1218.8829763166666,1.0,1.0,1.0,1.0,6.0,0.0,1.0,FRAUD,1
267.68,0.0,499.54642857142863,0.4641539110478792,2082.3902688666667,0.0,0.0,0.0,0.0,1.0,0.0,0.0,SUSPICIOUS,0
2377.07,0.0,484.08866666666665,3.9104020888735267,2498.251695,0.0,0.0,1.0,1.0,4.0,0.0,0.0,FRAUD,1
232.68,0.0,602.4,0.6137450199203187,1646.9774924666667,0.0,0.0,0.0,0.0,7.0,0.0,0.0,NORMAL,0
275.95,0.0,580.6517647058823,0.5247581824886436,2548.2394143333336,0.0,0.0,0.0,0.0,8.0,0.0,0.0,NORMAL,0
679.91,0.0,563.723888888889,0.2061046434276826,2321.9887812833335,0.0,0.0,0.0,0.0,1.0,0.0,0.0,SUSPICIOUS,0
190.11,0.0,569.838947368421,0.6663794202239968,2793.5600698499998,0.0,0.0,0.0,0.0,9.0,0.0,0.0,NORMAL,0
234.15,1.0,550.8525000000001,0.5749315833185835,330.65091065,0.0,0.0,0.0,0.0,10.0,0.0,1.0,NORMAL,0
1937.39,0.0,535.7714285714286,2.6160756186006826,2533.4919965,1.0,1.0,1.0,1.0,5.0,0.0,0.0,FRAUD,1
269.5,0.0,599.4813636363637,0.5504447404915916,2642.772246916667,0.0,0.0,0.0,0.0,11.0,0.0,0.0,NORMAL,0
184.21,0.0,585.1343478260869,0.6851834101272913,1842.3395945333332,0.0,0.0,0.0,0.0,12.0,0.0,0.0,SUSPICIOUS,0
1423.57,0.0,568.4291666666667,1.5043929542672423,2671.6562686,1.0,1.0,1.0,1.0,2.0,0.0,0.0,FRAUD,1
138.05,0.0,0.0,0.0,10080.0,0.0,0.0,0.0,0.0,0.0,0.0,0.0,NORMAL,0
81.14,1.0,138.05,0.4122419413256067,1359.91634845,0.0,0.0,0.0,0.0,1.0,0.0,1.0,NORMAL,0
92.95,0.0,109.595,0.15187736666818738,2375.3280881333335,0.0,0.0,0.0,0.0,0.0,0.0,0.0,NORMAL,0
99.59,0.0,104.04666666666667,0.04283334401230214,2126.3955862166667,0.0,0.0,0.0,0.0,0.0,0.0,0.0,NORMAL,0
123.91,0.0,102.9325,0.20379860588249574,1849.9368777999998,0.0,0.0,0.0,0.0,1.0,0.0,0.0,NORMAL,0
133.72,0.0,107.128,0.24822642073034126,1660.8760582833334,0.0,0.0,0.0,0.0,1.0,0.0,0.0,NORMAL,0
420.92,0.0,111.56,2.7730369307995697,1976.8552093666667,0.0,0.0,0.0,0.0,2.0,0.0,0.0,SUSPICIOUS,0
112.37,0.0,155.75428571428571,0.2785431265363026,2382.13298325,0.0,0.0,1.0,0.0,3.0,0.0,0.0,SUSPICIOUS,0
142.05,1.0,150.33125,0.055086683573774574,528.7497154333333,0.0,0.0,0.0,0.0,0.0,0.0,1.0,SUSPICIOUS,0
1086.03,0.0,149.41111111111113,6.268736521157134,2612.271899183333,1.0,1.0,1.0,1.0,2.0,0.0,0.0,FRAUD,1
140.28,1.0,243.073,0.42288942005076663,753.6934596333334,0.0,0.0,0.0,0.0,3.0,0.0,1.0,NORMAL,0
637.35,1.0,233.72818181818184,1.7268855430356163,1256.6462053,1.0,1.0,1.0,1.0,2.0,0.0,1.0,FRAUD,1
126.36,0.0,267.36333333333334,0.5273847074517822,2151.2772666333335,0.0,0.0,0.0,0.0,4.0,0.0,0.0,NORMAL,0
151.76,0.0,256.5169230769231,0.40838211304097505,2094.5589846666667,0.0,0.0,0.0,0.0,3.0,0.0,0.0,NORMAL,0
804.48,1.0,249.03428571428572,2.2303985681833827,88.6939361,0.0,0.0,1.0,1.0,4.0,0.0,1.0,FRAUD,1
139.03,2.0,286.064,0.5139898763912971,935.0089455333333,0.0,0.0,0.0,0.0,5.0,0.0,2.0,NORMAL,0
134.2,1.0,276.874375,0.5153036462836259,1222.5381933833335,0.0,0.0,0.0,0.0,6.0,0.0,1.0,NORMAL,0
837.65,1.0,268.4817647058823,2.1199511852048234,680.9342975666666,1.0,1.0,1.0,1.0,4.0,0.0,1.0,FRAUD,1
719.38,1.0,300.1022222222222,1.39711653806851,1071.9700864,0.0,0.0,1.0,1.0,5.0,0.0,1.0,FRAUD,1
137.45,0.0,322.1694736842105,0.5733611927034153,2047.2745215833334,0.0,0.0,0.0,0.0,6.0,0.0,0.0,NORMAL,0
111.68,1.0,312.9335,0.6431190652327091,132.92205211666666,0.0,0.0,0.0,0.0,7.0,0.0,1.0,NORMAL,0
354.42,0.0,303.35,0.16835338717652873,1767.565334,0.0,0.0,0.0,0.0,8.0,0.0,0.0,SUSPICIOUS,0
304.41,0.0,305.67136363636365,0.004126535182615877,2864.37999935,0.0,0.0,0.0,0.0,5.0,0.0,0.0,SUSPICIOUS,0
376.94,1.0,305.61652173913046,0.23337572803655607,753.88367135,0.0,0.0,0.0,0.0,9.0,0.0,1.0,SUSPICIOUS,0
139.54,0.0,308.5883333333333,0.5478118096925245,2847.864609566667,0.0,0.0,0.0,0.0,6.0,0.0,0.0,NORMAL,0
27.79,0.0,0.0,0.0,10080.0,0.0,0.0,0.0,0.0,0.0,0.0,0.0,NORMAL,0
106.08,0.0,27.79,2.8172004318100035,2161.3179364166667,0.0,0.0,0.0,0.0,0.0,0.0,0.0,SUSPICIOUS,0
33.49,1.0,66.935,0.49966385299170835,1437.5703708666667,0.0,0.0,0.0,0.0,0.0,0.0,1.0,NORMAL,0
39.34,0.0,55.78666666666667,0.2948135755258126,1964.0916790333333,0.0,0.0,0.0,0.0,1.0,0.0,0.0,NORMAL,0
35.84,1.0,51.675,0.3064344460570875,935.84917285,0.0,0.0,0.0,0.0,1.0,0.0,1.0,NORMAL,0
29.4,0.0,48.508,0.3939144058711966,1811.89726945,0.0,0.0,0.0,0.0,1.0,0.0,0.0,NORMAL,0
25.65,1.0,45.32333333333333,0.43406633816283,939.8070559,0.0,0.0,0.0,0.0,0.0,0.0,1.0,SUSPICIOUS,0
34.18,1.0,42.51285714285715,0.19600793037400466,934.7930133833332,0.0,0.0,0.0,0.0,2.0,0.0,1.0,NORMAL,0
113.97,0.0,41.47125,1.7481689121982098,2779.5517164,0.0,0.0,0.0,0.0,3.0,0.0,0.0,SUSPICIOUS,0
31.08,1.0,49.52666666666667,0.37245928119531574,1162.4867765499998,0.0,0.0,0.0,0.0,2.0,0.0,1.0,NORMAL,0
37.31,0.0,47.682,0.21752443269997063,2323.4590850666664,0.0,0.0,0.0,0.0,2.0,0.0,0.0,NORMAL,0
41.71,1.0,46.73909090909091,0.10759924532705739,282.2244438833333,0.0,0.0,0.0,0.0,3.0,0.0,1.0,NORMAL,0
32.81,0.0,46.32,0.29166666666666663,1624.2260391000002,0.0,0.0,0.0,0.0,3.0,0.0,0.0,NORMAL,0
33.6,1.0,45.28076923076923,0.2579631359891276,541.5866625333333,0.0,0.0,0.0,0.0,4.0,0.0,1.0,NORMAL,0
42.16,2.0,44.44642857142857,0.05144234632382486,650.4376302333333,0.0,0.0,0.0,0.0,5.0,0.0,2.0,NORMAL,0
45.73,0.0,44.294,0.03241974082268479,1815.3542367500002,0.0,0.0,0.0,0.0,4.0,0.0,0.0,NORMAL,0
242.76,1.0,44.38375,4.469569380685499,869.3302139333333,1.0,1.0,1.0,1.0,6.0,0.0,1.0,FRAUD,1
28.34,2.0,56.05294117647059,0.49440654843110504,135.60275311666666,0.0,0.0,0.0,0.0,4.0,0.0,2.0,NORMAL,0
38.92,0.0,54.513333333333335,0.2860462272226978,2342.0583539,0.0,0.0,0.0,0.0,5.0,0.0,0.0,NORMAL,0
46.8,0.0,53.69263157894736,0.12837202007528228,2134.2434678,0.0,0.0,0.0,0.0,6.0,0.0,0.0,NORMAL,0
42.64,1.0,53.348,0.20071980205443501,861.4389603833333,0.0,0.0,0.0,0.0,7.0,0.0,1.0,NORMAL,0
50.85,0.0,52.838095238095235,0.0376261715933669,2327.7151126500003,0.0,0.0,0.0,0.0,7.0,0.0,0.0,NORMAL,0
44.4,1.0,52.747727272727275,0.15825757249342934,751.2789915833333,0.0,0.0,0.0,0.0,8.0,0.0,1.0,NORMAL,0
30.25,1.0,52.38478260869565,0.42254222517325807,1141.0398647666666,0.0,0.0,0.0,0.0,8.0,0.0,1.0,NORMAL,0
41.53,0.0,51.4625,0.19300461501093025,2144.9653896,0.0,0.0,0.0,0.0,0.0,0.0,0.0,SUSPICIOUS,0
80.61,0.0,0.0,0.0,10080.0,0.0,0.0,0.0,0.0,0.0,0.0,0.0,NORMAL,0
92.1,0.0,80.61,0.14253814663193146,2006.3972381166668,0.0,0.0,0.0,0.0,0.0,0.0,0.0,NORMAL,0
69.4,0.0,86.35499999999999,0.19634068670024882,1870.1431391833332,0.0,0.0,0.0,0.0,1.0,0.0,0.0,NORMAL,0
84.9,1.0,80.70333333333333,0.05200115649911205,1368.2446375,0.0,0.0,0.0,0.0,0.0,0.0,1.0,NORMAL,0
543.34,0.0,81.7525,5.646157609859026,2025.2669558,1.0,1.0,1.0,1.0,1.0,0.0,0.0,FRAUD,1
69.5,1.0,174.07,0.6007353363589361,301.05496135,0.0,0.0,0.0,0.0,0.0,0.0,1.0,SUSPICIOUS,0
62.61,0.0,156.64166666666668,0.600297919880832,1718.4428683666667,0.0,0.0,0.0,0.0,2.0,0.0,0.0,NORMAL,0
319.72,0.0,143.20857142857145,1.2325479320870658,2088.5411682166664,1.0,1.0,1.0,1.0,1.0,0.0,0.0,FRAUD,1
47.29,1.0,165.2725,0.7138664932157498,188.52937515,0.0,0.0,1.0,0.0,2.0,0.0,1.0,SUSPICIOUS,0
74.11,1.0,152.16333333333333,0.5129575675261232,1294.4871804333334,0.0,0.0,0.0,0.0,2.0,0.0,1.0,NORMAL,0
81.67,1.0,144.358,0.43425373030936976,558.3865290166667,0.0,0.0,0.0,0.0,3.0,0.0,1.0,NORMAL,0
67.85,0.0,138.6590909090909,0.5106703819046058,1736.4357816833333,0.0,0.0,0.0,0.0,1.0,0.0,0.0,SUSPICIOUS,0
66.8,1.0,132.75833333333335,0.49683007971878734,1127.9269234333333,0.0,0.0,0.0,0.0,3.0,0.0,1.0,NORMAL,0
67.06,0.0,127.6846153846154,0.4747996867281162,2159.3568634666667,0.0,0.0,0.0,0.0,4.0,0.0,0.0,NORMAL,0
74.6,1.0,123.35428571428572,0.39523787464677823,455.24670733333335,0.0,0.0,0.0,0.0,3.0,0.0,1.0,NORMAL,0
87.21,0.0,120.104,0.27387930460267773,2877.8767546500003,0.0,0.0,0.0,0.0,4.0,0.0,0.0,NORMAL,0
244.91,1.0,118.048125,1.0746623463947436,461.8321067166667,0.0,0.0,0.0,0.0,4.0,0.0,1.0,SUSPICIOUS,0
410.62,1.0,125.51058823529411,2.271596490570283,1403.8138660666666,1.0,1.0,1.0,1.0,5.0,0.0,1.0,FRAUD,1
273.66,0.0,141.35000000000002,0.9360452776795188,2725.5734482499997,0.0,0.0,0.0,0.0,6.0,0.0,0.0,SUSPICIOUS,0
59.45,1.0,148.3136842105263,0.5991603855271188,126.62016253333333,0.0,0.0,0.0,0.0,5.0,0.0,1.0,NORMAL,0
77.63,2.0,143.8705,0.46041752826326454,457.3115411,0.0,0.0,0.0,0.0,7.0,0.0,2.0,NORMAL,0
68.64,1.0,140.71619047619046,0.5122096486003573,1051.3798725833333,0.0,0.0,0.0,0.0,6.0,0.0,1.0,SUSPICIOUS,0
68.62,0.0,137.44000000000003,0.5007275902211875,2216.7362679666667,0.0,0.0,0.0,0.0,7.0,0.0,0.0,NORMAL,0
73.11,1.0,134.44782608695652,0.4562202891051968,1076.3820911833334,0.0,0.0,0.0,0.0,0.0,0.0,1.0,SUSPICIOUS,0
94.96,0.0,131.89208333333332,0.28001743849927807,2268.458040183333,0.0,0.0,0.0,0.0,8.0,0.0,0.0,NORMAL,0
116.53,0.0,0.0,0.0,10080.0,0.0,0.0,0.0,0.0,0.0,0.0,0.0,NORMAL,0
471.22,0.0,116.53,3.0437655539346093,2219.4164487666667,0.0,0.0,0.0,0.0,0.0,0.0,0.0,SUSPICIOUS,0
207.9,1.0,293.875,0.29255635899617183,1136.2472492833333,0.0,0.0,0.0,0.0,0.0,0.0,1.0,NORMAL,0
175.79,0.0,265.2166666666667,0.3371834349274179,2822.6552929833333,0.0,0.0,1.0,0.0,1.0,0.0,0.0,SUSPICIOUS,0
126.63,0.0,242.86,0.47858848719426833,2079.73770005,0.0,0.0,0.0,0.0,2.0,0.0,0.0,NORMAL,0
120.54,0.0,219.61399999999998,0.4511278880217107,2593.1992917666666,0.0,0.0,0.0,0.0,3.0,0.0,0.0,NORMAL,0
112.69,0.0,203.1016666666667,0.44515472546589974,1800.4097221166667,0.0,0.0,0.0,0.0,1.0,0.0,0.0,NORMAL,0
127.85,1.0,190.18571428571428,0.32776233756478634,1168.5493980333333,0.0,0.0,0.0,0.0,1.0,0.0,1.0,NORMAL,0
144.34,0.0,182.39375,0.20863516430798756,2072.06267105,0.0,0.0,0.0,0.0,0.0,0.0,0.0,SUSPICIOUS,0
171.11,1.0,178.16555555555556,0.03960112005687587,903.4134368,0.0,0.0,0.0,0.0,2.0,0.0,1.0,NORMAL,0
538.04,1.0,177.46,2.031894511439197,749.4755778666666,0.0,0.0,0.0,0.0,2.0,0.0,1.0,SUSPICIOUS,0
151.74,0.0,210.23999999999998,0.2782534246575341,2424.710809416667,0.0,0.0,0.0,0.0,3.0,0.0,0.0,NORMAL,0
96.16,1.0,205.365,0.5317605239451708,1295.6698101333334,0.0,0.0,0.0,0.0,4.0,0.0,1.0,NORMAL,0
141.08,0.0,196.96461538461537,0.2837292133690549,2830.9999166499997,0.0,0.0,0.0,0.0,1.0,0.0,0.0,SUSPICIOUS,0
187.93,0.0,192.97285714285712,0.026132468666947843,1938.57474705,0.0,0.0,0.0,0.0,2.0,0.0,0.0,SUSPICIOUS,0
394.54,1.0,192.63666666666668,1.0481043761139277,559.4038239,0.0,0.0,0.0,0.0,4.0,0.0,1.0,SUSPICIOUS,0
108.64,1.0,205.255625,0.4707087808190397,1227.1244691,0.0,0.0,0.0,0.0,5.0,0.0,1.0,NORMAL,0
126.0,1.0,199.57235294117646,0.36865002520094436,1067.3515776833333,0.0,0.0,0.0,0.0,3.0,0.0,1.0,NORMAL,0
727.67,1.0,195.485,2.7223827915185304,1270.7897904666668,1.0,1.0,1.0,1.0,6.0,0.0,1.0,FRAUD,1
112.9,0.0,223.49473684210525,0.4948426902788244,2788.123411966667,0.0,0.0,0.0,0.0,5.0,0.0,0.0,NORMAL,0
155.73,0.0,217.965,0.28552749294611524,2719.255918483333,0.0,0.0,0.0,0.0,7.0,0.0,0.0,NORMAL,0
101.94,1.0,215.00142857142856,0.5258636155241493,353.37011433333333,0.0,0.0,0.0,0.0,8.0,0.0,1.0,NORMAL,0
199.3,2.0,209.86227272727274,0.0503295451345796,877.5694777,0.0,0.0,0.0,0.0,4.0,0.0,2.0,NORMAL,0
600.03,1.0,209.40304347826088,1.8654311323908332,1218.1295268,1.0,1.0,1.0,1.0,9.0,0.0,1.0,FRAUD,1
183.13,2.0,225.67916666666667,0.18853830105422525,134.41743618333334,0.0,0.0,0.0,0.0,6.0,0.0,2.0,NORMAL,0
249.96,0.0,0.0,0.0,10080.0,0.0,0.0,0.0,0.0,0.0,0.0,0.0,SUSPICIOUS,0
1154.34,1.0,249.96,3.6180988958233313,434.17596633333335,0.0,0.0,0.0,0.0,0.0,0.0,1.0,SUSPICIOUS,0
322.78,2.0,702.15,0.540297657195756,980.2799133499999,0.0,0.0,0.0,0.0,0.0,0.0,2.0,NORMAL,0
314.09,2.0,575.6933333333333,0.45441438728952915,77.28695395,0.0,0.0,0.0,0.0,1.0,0.0,2.0,NORMAL,0
291.07,0.0,510.29249999999996,0.42960165003404904,1613.5800139833334,0.0,0.0,0.0,0.0,1.0,0.0,0.0,NORMAL,0
299.66,0.0,466.448,0.3575704044180701,1897.8231867666666,0.0,0.0,0.0,0.0,0.0,0.0,0.0,NORMAL,0
970.52,1.0,438.65000000000003,1.212515673087883,710.9539596833333,0.0,0.0,0.0,0.0,2.0,0.0,1.0,SUSPICIOUS,0
271.44,0.0,514.6314285714286,0.4725545605454112,2689.881403916667,0.0,0.0,0.0,0.0,1.0,0.0,0.0,NORMAL,0
355.53,0.0,484.23249999999996,0.2657865797937974,2476.6295316,0.0,0.0,0.0,0.0,2.0,0.0,0.0,NORMAL,0
292.68,1.0,469.93222222222215,0.3771867810724477,826.1008562333334,0.0,0.0,0.0,0.0,2.0,0.0,1.0,NORMAL,0
315.19,0.0,452.207,0.3029961942207883,2742.52142685,0.0,0.0,0.0,0.0,3.0,0.0,0.0,NORMAL,0
302.45,1.0,439.7509090909091,0.312224275726341,1126.6867300833333,0.0,0.0,0.0,0.0,3.0,0.0,1.0,NORMAL,0
971.19,1.0,428.30916666666667,1.2674975825484318,1085.2248169666666,0.0,0.0,0.0,0.0,4.0,0.0,1.0,SUSPICIOUS,0
360.3,0.0,470.0692307692307,0.23351715786545343,2168.3687986333334,0.0,0.0,0.0,0.0,5.0,0.0,0.0,NORMAL,0
272.37,1.0,462.2285714285714,0.4107460749165533,920.8989445833333,0.0,0.0,0.0,0.0,6.0,0.0,1.0,NORMAL,0
317.82,0.0,449.5713333333333,0.2930599074377518,2552.8120451833333,0.0,0.0,0.0,0.0,3.0,0.0,0.0,NORMAL,0
329.93,0.0,441.336875,0.2524304704881051,1878.5573146666668,0.0,0.0,0.0,0.0,7.0,0.0,0.0,NORMAL,0
256.22,0.0,434.7835294117647,0.4106952479394749,2256.0016824833338,0.0,0.0,0.0,0.0,4.0,0.0,0.0,NORMAL,0
2315.77,0.0,424.86333333333334,4.450623337700751,2743.8086892166666,1.0,1.0,1.0,1.0,8.0,0.0,0.0,FRAUD,1
193.96,0.0,524.3847368421052,0.6301189062670939,2688.8985893,0.0,0.0,0.0,0.0,4.0,0.0,0.0,NORMAL,0
295.87,0.0,507.86350000000004,0.41742220104417826,2427.1687454,0.0,0.0,0.0,0.0,9.0,0.0,0.0,NORMAL,0
242.06,1.0,497.7685714285714,0.5137097561115608,870.0346136833334,0.0,0.0,0.0,0.0,5.0,0.0,1.0,NORMAL,0
218.9,0.0,486.1454545454546,0.5497232403321116,1605.3208802333334,0.0,0.0,0.0,0.0,6.0,0.0,0.0,NORMAL,0
1641.58,0.0,474.52608695652174,2.4594093878560757,2546.41945315,1.0,1.0,1.0,1.0,5.0,0.0,0.0,FRAUD,1
204.04,0.0,523.1533333333333,0.6099805028481134,2762.1449606333335,0.0,0.0,0.0,0.0,7.0,0.0,0.0,NORMAL,0
163.38,0.0,0.0,0.0,10080.0,0.0,0.0,0.0,0.0,0.0,0.0,0.0,NORMAL,0
144.68,1.0,163.38,0.11445709389154113,239.22161311666665,0.0,0.0,1.0,0.0,1.0,0.0,1.0,SUSPICIOUS,0
160.04,0.0,154.03,0.03901837304421211,2384.13968405,0.0,0.0,0.0,0.0,0.0,0.0,0.0,NORMAL,0
1260.84,1.0,156.03333333333333,7.080581072420423,1335.7783361666666,1.0,1.0,1.0,1.0,1.0,0.0,1.0,FRAUD,1
116.58,0.0,432.23499999999996,0.7302856085231414,2351.9910883166667,0.0,0.0,0.0,0.0,0.0,0.0,0.0,NORMAL,0
170.4,0.0,369.104,0.5383414972473882,2786.0101587833333,0.0,0.0,0.0,0.0,2.0,0.0,0.0,NORMAL,0
544.33,1.0,335.9866666666666,0.6200940513512444,1144.3516800166665,0.0,0.0,0.0,0.0,2.0,0.0,1.0,SUSPICIOUS,0
161.92,0.0,365.75,0.5572932330827068,1631.8420554333331,0.0,0.0,0.0,0.0,3.0,0.0,0.0,NORMAL,0
162.17,1.0,340.27125,0.5234096327562203,752.16075755,0.0,0.0,0.0,0.0,3.0,0.0,1.0,NORMAL,0
186.95,0.0,320.4822222222222,0.4166603105043095,2442.195468433333,0.0,0.0,0.0,0.0,4.0,0.0,0.0,NORMAL,0
143.24,0.0,307.129,0.5336161677991984,2716.3953191166665,0.0,0.0,0.0,0.0,1.0,0.0,0.0,NORMAL,0
149.05,1.0,292.22999999999996,0.48995654108065556,793.5783036666667,0.0,0.0,0.0,0.0,2.0,0.0,1.0,NORMAL,0
155.23,0.0,280.29833333333335,0.44619720654778544,2078.7870816166665,0.0,0.0,0.0,0.0,3.0,0.0,0.0,NORMAL,0
161.44,1.0,270.6776923076923,0.4035710936367693,20.82778255,0.0,0.0,0.0,0.0,4.0,1.0,1.0,NORMAL,0
914.8,0.0,262.875,2.4799809795530194,2758.6473122666666,0.0,0.0,1.0,1.0,4.0,0.0,0.0,FRAUD,1
169.43,1.0,306.3366666666667,0.4469157027671081,1247.4212636,0.0,0.0,0.0,0.0,5.0,0.0,1.0,NORMAL,0
166.8,1.0,297.78,0.4398549264557726,985.4648558166666,0.0,0.0,0.0,0.0,6.0,0.0,1.0,NORMAL,0
200.85,0.0,290.07529411764705,0.3075935659707013,2235.5039819,0.0,0.0,0.0,0.0,5.0,0.0,0.0,NORMAL,0
200.75,0.0,285.11833333333334,0.29590637805355674,2640.6371222333332,0.0,0.0,0.0,0.0,7.0,0.0,0.0,NORMAL,0
162.34,0.0,280.6778947368421,0.4216145872399154,2647.538774033333,0.0,0.0,0.0,0.0,8.0,0.0,0.0,NORMAL,0
160.71,1.0,274.761,0.4150916614803411,156.03183398333334,0.0,0.0,0.0,0.0,6.0,0.0,1.0,SUSPICIOUS,0
131.87,2.0,269.33000000000004,0.5103776036832139,675.9638420666666,0.0,0.0,0.0,0.0,5.0,0.0,2.0,NORMAL,0
161.5,0.0,263.08181818181816,0.38612253360516946,1788.4855643,0.0,0.0,0.0,0.0,7.0,0.0,0.0,NORMAL,0
148.81,1.0,258.66521739130434,0.4247003849192342,949.2286045,0.0,0.0,0.0,0.0,8.0,0.0,1.0,NORMAL,0
1017.93,0.0,254.08791666666664,3.0062117606930676,2422.4001749666663,0.0,0.0,1.0,1.0,6.0,0.0,0.0,FRAUD,1
25.61,0.0,0.0,0.0,10080.0,0.0,0.0,0.0,0.0,0.0,0.0,0.0,NORMAL,0
19.3,1.0,25.61,0.24638812963686055,900.3550024166667,0.0,0.0,1.0,0.0,0.0,0.0,1.0,SUSPICIOUS,0
21.05,0.0,22.455,0.06256958361166767,1739.9689534,0.0,0.0,0.0,0.0,0.0,0.0,0.0,NORMAL,0
26.3,0.0,21.986666666666668,0.19617950272892656,1613.8590629333335,0.0,0.0,0.0,0.0,1.0,0.0,0.0,NORMAL,0
18.25,0.0,23.065,0.20875785822675053,1846.9544736333335,0.0,0.0,0.0,0.0,2.0,0.0,0.0,NORMAL,0
16.46,0.0,22.102,0.25527101619762915,2828.0474372500003,0.0,0.0,0.0,0.0,1.0,0.0,0.0,NORMAL,0
13.66,1.0,21.161666666666665,0.35449318736709456,867.1411933333333,0.0,0.0,0.0,0.0,3.0,0.0,1.0,NORMAL,0
20.78,0.0,20.09,0.03434544549527134,1841.8165027833334,0.0,0.0,0.0,0.0,4.0,0.0,0.0,NORMAL,0
62.71,1.0,20.17625,2.108109782541354,1387.6646007666668,0.0,0.0,0.0,0.0,5.0,0.0,1.0,SUSPICIOUS,0
23.99,1.0,24.90222222222222,0.03663216134213816,217.90334485,0.0,0.0,0.0,0.0,1.0,0.0,1.0,NORMAL,0
21.39,1.0,24.811,0.13788239087501508,1271.7329355,0.0,0.0,0.0,0.0,6.0,0.0,1.0,NORMAL,0
23.0,1.0,24.5,0.061224489795918366,635.2480462333333,0.0,0.0,0.0,0.0,2.0,0.0,1.0,NORMAL,0
25.21,2.0,24.375,0.03425641025641029,712.9012839333334,0.0,0.0,0.0,0.0,7.0,0.0,2.0,NORMAL,0
21.21,1.0,24.439230769230768,0.13213307733467622,1095.0240062500002,0.0,0.0,0.0,0.0,8.0,0.0,1.0,SUSPICIOUS,0
31.26,1.0,24.208571428571428,0.2912781777410599,1317.12937215,0.0,0.0,0.0,0.0,3.0,0.0,1.0,NORMAL,0
76.06,0.0,24.67866666666667,2.0820141552758114,2539.9017470166664,0.0,0.0,0.0,0.0,9.0,0.0,0.0,SUSPICIOUS,0
16.63,1.0,27.89,0.4037289351021872,556.8920336333334,0.0,0.0,0.0,0.0,4.0,0.0,1.0,NORMAL,0
22.48,0.0,27.22764705882353,0.17436861321753402,2652.9930692,0.0,0.0,0.0,0.0,10.0,0.0,0.0,SUSPICIOUS,0
26.91,1.0,26.96388888888889,0.001998557741835772,716.37131705,0.0,0.0,0.0,0.0,5.0,0.0,1.0,NORMAL,0
19.33,2.0,26.961052631578948,0.28303986256978886,607.3487862333333,0.0,0.0,0.0,0.0,11.0,0.0,2.0,NORMAL,0
17.95,0.0,26.579500000000003,0.3246675069132227,1467.7560766666668,0.0,0.0,0.0,0.0,6.0,0.0,0.0,SUSPICIOUS,0
21.21,0.0,26.168571428571425,0.18948575171961993,1516.21707875,0.0,0.0,0.0,0.0,2.0,0.0,0.0,NORMAL,0
23.28,0.0,25.943181818181817,0.10265440210249661,1676.3305326166667,0.0,0.0,0.0,0.0,12.0,0.0,0.0,NORMAL,0
18.52,1.0,25.827391304347824,0.282931838459337,679.6213169666667,0.0,0.0,0.0,0.0,7.0,0.0,1.0,NORMAL,0
20.63,2.0,25.522916666666664,0.1917067994449432,457.8196324666667,0.0,0.0,0.0,0.0,0.0,0.0,2.0,SUSPICIOUS,0
188.08,0.0,0.0,0.0,10080.0,0.0,0.0,0.0,0.0,0.0,0.0,0.0,NORMAL,0
200.05,1.0,188.08,0.06364313058273074,1349.7415416333336,0.0,0.0,0.0,0.0,1.0,0.0,1.0,NORMAL,0
228.72,1.0,194.065,0.17857418906036637,677.9136085166666,0.0,0.0,0.0,0.0,2.0,0.0,1.0,NORMAL,0
225.16,0.0,205.61666666666667,0.0950474183350895,2427.642140516667,0.0,0.0,0.0,0.0,0.0,0.0,0.0,NORMAL,0
222.24,1.0,210.5025,0.05575943278583395,116.02070106666666,0.0,0.0,0.0,0.0,3.0,0.0,1.0,NORMAL,0
201.1,2.0,212.85,0.055203194738078463,876.0045847833334,0.0,0.0,0.0,0.0,0.0,0.0,2.0,SUSPICIOUS,0
204.37,0.0,210.89166666666665,0.030924250207452392,1566.9430785,0.0,0.0,0.0,0.0,4.0,0.0,0.0,NORMAL,0
159.99,0.0,209.96,0.23799771385025717,2256.7106022666662,0.0,0.0,0.0,0.0,5.0,0.0,0.0,NORMAL,0
135.01,0.0,203.71375,0.3372563216768628,2740.578965283333,0.0,0.0,0.0,0.0,0.0,0.0,0.0,SUSPICIOUS,0
222.33,1.0,196.08,0.13387392900856793,1369.5355356833331,0.0,0.0,0.0,0.0,6.0,0.0,1.0,NORMAL,0
188.06,1.0,198.70499999999998,0.05357187790946369,545.8709906,0.0,0.0,1.0,0.0,7.0,0.0,1.0,SUSPICIOUS,0
219.27,0.0,197.73727272727274,0.10889564205948203,2457.3614150333333,0.0,0.0,0.0,0.0,8.0,0.0,0.0,NORMAL,0
213.48,0.0,199.53166666666667,0.06990536172203238,2335.0935803999996,0.0,0.0,0.0,0.0,9.0,0.0,0.0,SUSPICIOUS,0
271.04,0.0,200.60461538461539,0.3511154739901683,1976.8823041166665,0.0,0.0,0.0,0.0,0.0,0.0,0.0,NORMAL,0
223.28,0.0,205.6357142857143,0.08580360554378401,2656.2424035333333,0.0,0.0,0.0,0.0,10.0,0.0,0.0,NORMAL,0
247.55,1.0,206.812,0.1969808328336847,592.8840737166666,0.0,0.0,0.0,0.0,11.0,0.0,1.0,NORMAL,0
241.47,1.0,209.358125,0.15338251142629405,1303.71252845,0.0,0.0,0.0,0.0,1.0,0.0,1.0,SUSPICIOUS,0
237.42,1.0,211.24705882352941,0.12389730452216521,516.5261359666666,0.0,0.0,0.0,0.0,1.0,0.0,1.0,SUSPICIOUS,0
282.45,2.0,212.70111111111112,0.32791972042145723,821.6918416666666,0.0,0.0,0.0,0.0,2.0,0.0,2.0,NORMAL,0
223.67,1.0,216.3721052631579,0.03372844539256199,1065.5066115,0.0,0.0,0.0,0.0,12.0,0.0,1.0,NORMAL,0
228.09,0.0,216.737,0.052381457711419874,1547.7659772333332,0.0,0.0,0.0,0.0,3.0,0.0,0.0,NORMAL,0
154.36,1.0,217.27761904761905,0.28957248023704585,379.4253824666667,0.0,0.0,0.0,0.0,4.0,0.0,1.0,NORMAL,0
168.76,0.0,214.4177272727273,0.21293821109601277,1694.45187405,0.0,0.0,0.0,0.0,5.0,0.0,0.0,NORMAL,0
229.0,1.0,212.43260869565216,0.07798892743478755,27.392069383333332,0.0,0.0,0.0,0.0,1.0,1.0,1.0,NORMAL,0
775.46,0.0,213.12291666666667,2.6385575616574943,2622.2094969166665,0.0,0.0,0.0,0.0,2.0,0.0,0.0,SUSPICIOUS,0
520.63,0.0,0.0,0.0,10080.0,0.0,0.0,0.0,0.0,0.0,0.0,0.0,FRAUD,1
84.71,1.0,520.63,0.8372932792962373,1111.5272007833335,1.0,1.0,1.0,1.0,0.0,0.0,1.0,NORMAL,0
80.8,0.0,302.67,0.7330425876367,2723.9054766333334,0.0,0.0,0.0,0.0,1.0,0.0,0.0,NORMAL,0
97.7,1.0,228.71333333333334,0.5728277028011776,197.82186330000002,0.0,0.0,0.0,0.0,0.0,0.0,1.0,SUSPICIOUS,0
91.83,0.0,195.96,0.5313839559093693,2866.539280483333,0.0,0.0,0.0,0.0,1.0,0.0,0.0,NORMAL,0
106.66,0.0,175.134,0.39098062055340477,1460.4295792666667,0.0,0.0,0.0,0.0,2.0,0.0,0.0,NORMAL,0
110.69,1.0,163.72166666666666,0.3239135524721835,993.6722735333333,0.0,0.0,0.0,0.0,0.0,0.0,1.0,NORMAL,0
103.59,0.0,156.1457142857143,0.33658121534830104,2641.8516680166667,0.0,0.0,0.0,0.0,3.0,0.0,0.0,NORMAL,0
90.78,1.0,149.57625,0.3930854664427006,202.11363,0.0,0.0,0.0,0.0,1.0,0.0,1.0,NORMAL,0
340.37,2.0,143.04333333333332,1.3794887330179668,469.76741018333337,0.0,0.0,0.0,0.0,4.0,0.0,2.0,SUSPICIOUS,0
94.07,1.0,162.776,0.42208925148670573,1129.3014691833334,0.0,0.0,0.0,0.0,2.0,0.0,1.0,NORMAL,0
387.04,0.0,156.53,1.4726250558998277,2059.2208704,0.0,0.0,0.0,0.0,2.0,0.0,0.0,SUSPICIOUS,0
101.26,0.0,175.73916666666665,0.4238051657996936,2338.28498775,0.0,0.0,0.0,0.0,3.0,0.0,0.0,NORMAL,0
288.62,1.0,170.01000000000002,0.6976648432445148,19.409315916666667,0.0,0.0,0.0,0.0,5.0,1.0,1.0,SUSPICIOUS,0
100.7,2.0,178.48214285714286,0.43579789894947474,52.09448606666667,0.0,0.0,0.0,0.0,3.0,1.0,2.0,NORMAL,0
98.03,0.0,173.29666666666665,0.4343226451749408,2761.4338634166666,0.0,0.0,0.0,0.0,4.0,0.0,0.0,NORMAL,0
87.95,1.0,168.5925,0.4783279208742975,1200.6643486333335,0.0,0.0,0.0,0.0,4.0,0.0,1.0,NORMAL,0
87.6,0.0,163.84882352941176,0.4653608240020392,2691.25685565,0.0,0.0,0.0,0.0,5.0,0.0,0.0,NORMAL,0
101.72,1.0,159.61277777777778,0.3627076640341382,620.40368175,0.0,0.0,0.0,0.0,6.0,0.0,1.0,NORMAL,0
101.1,2.0,156.56578947368422,0.354265064291117,617.4950587166666,0.0,0.0,0.0,0.0,6.0,0.0,2.0,NORMAL,0
96.7,3.0,153.7925,0.3712307167124534,199.51006575000002,0.0,0.0,0.0,0.0,7.0,0.0,3.0,NORMAL,0
76.47,0.0,151.07380952380953,0.49382358040062413,2656.471516116667,0.0,0.0,0.0,0.0,5.0,0.0,0.0,NORMAL,0
114.92,1.0,147.68272727272728,0.22184535644594372,938.1942318333333,0.0,0.0,0.0,0.0,7.0,0.0,1.0,NORMAL,0
423.24,0.0,146.25826086956522,1.8937852637086274,1982.2345305499998,1.0,1.0,1.0,1.0,8.0,0.0,0.0,FRAUD,1
78.55,0.0,157.79916666666665,0.5022153686912161,1847.06127795,0.0,0.0,0.0,0.0,8.0,0.0,0.0,NORMAL,0
28.32,0.0,0.0,0.0,10080.0,0.0,0.0,0.0,0.0,0.0,0.0,0.0,NORMAL,0
36.43,1.0,28.32,0.2863700564971751,401.33445754999997,0.0,0.0,0.0,0.0,0.0,0.0,1.0,NORMAL,0
37.45,0.0,32.375,0.15675675675675685,2659.8778670833335,0.0,0.0,0.0,0.0,1.0,0.0,0.0,NORMAL,0
39.47,1.0,34.06666666666667,0.15861056751467695,805.3353980666667,0.0,0.0,0.0,0.0,0.0,0.0,1.0,NORMAL,0
27.7,1.0,35.417500000000004,0.21790075527634656,664.1748033333333,0.0,0.0,0.0,0.0,0.0,0.0,1.0,SUSPICIOUS,0
40.58,0.0,33.874,0.1979689437326562,2611.66053385,0.0,0.0,0.0,0.0,1.0,0.0,0.0,NORMAL,0
31.31,1.0,34.99166666666667,0.10521552750654922,533.5096909333333,0.0,0.0,0.0,0.0,2.0,0.0,1.0,NORMAL,0
42.08,0.0,34.465714285714284,0.22092348503688966,2746.8222598166667,0.0,0.0,0.0,0.0,3.0,0.0,0.0,NORMAL,0
300.68,0.0,35.4175,7.489588480271053,2394.9288051666667,1.0,1.0,1.0,1.0,1.0,0.0,0.0,FRAUD,1
28.74,1.0,64.89111111111112,0.5571042087599741,1224.6242114000001,0.0,0.0,0.0,0.0,2.0,0.0,1.0,NORMAL,0
38.46,1.0,61.275999999999996,0.3723480644950714,787.3278954,0.0,0.0,1.0,0.0,2.0,0.0,1.0,SUSPICIOUS,0
41.26,2.0,59.20181818181818,0.3030619452719511,488.15959353333335,0.0,0.0,0.0,0.0,3.0,0.0,2.0,NORMAL,0
36.67,0.0,57.70666666666667,0.3645448243992606,2460.5173124166668,0.0,0.0,0.0,0.0,1.0,0.0,0.0,SUSPICIOUS,0
30.29,1.0,56.08846153846154,0.45996022766234657,745.4564094666667,0.0,0.0,0.0,0.0,4.0,0.0,1.0,NORMAL,0
90.72,1.0,54.24571428571429,0.6723901822395447,963.7149178,0.0,0.0,0.0,0.0,4.0,0.0,1.0,SUSPICIOUS,0
49.35,0.0,56.67733333333333,0.12928154700291702,1445.0112501333335,0.0,0.0,0.0,0.0,5.0,0.0,0.0,SUSPICIOUS,0
30.76,1.0,56.219375,0.4528576669520072,1109.7235560000001,0.0,0.0,0.0,0.0,5.0,0.0,1.0,NORMAL,0
44.95,0.0,54.72176470588235,0.1785718124845474,2858.36587655,0.0,0.0,0.0,0.0,6.0,0.0,0.0,NORMAL,0
33.54,0.0,54.17888888888889,0.38093968540431905,2166.0334621166667,0.0,0.0,0.0,0.0,3.0,0.0,0.0,NORMAL,0
23.94,1.0,53.09263157894737,0.5490899718466236,171.84307058333334,0.0,0.0,0.0,0.0,6.0,0.0,1.0,NORMAL,0
37.71,2.0,51.635000000000005,0.26968141764307163,1044.7046643333333,0.0,0.0,0.0,0.0,0.0,0.0,2.0,SUSPICIOUS,0
37.78,0.0,50.97190476190477,0.258807372875814,2719.8182470666666,0.0,0.0,0.0,0.0,7.0,0.0,0.0,NORMAL,0
37.6,0.0,50.37227272727273,0.25355760293812435,2051.165608866667,0.0,0.0,0.0,0.0,7.0,0.0,0.0,NORMAL,0
34.03,1.0,49.81695652173913,0.3168992572810026,482.57704758333335,0.0,0.0,0.0,0.0,4.0,0.0,1.0,NORMAL,0
41.21,0.0,49.159166666666664,0.16170263260497358,2524.7749512666664,0.0,0.0,0.0,0.0,1.0,0.0,0.0,SUSPICIOUS,0
112.24,0.0,0.0,0.0,10080.0,0.0,0.0,0.0,0.0,0.0,0.0,0.0,SUSPICIOUS,0
41.48,0.0,112.24,0.6304347826086956,2229.7392059666668,0.0,0.0,0.0,0.0,0.0,0.0,0.0,NORMAL,0
34.94,1.0,76.86,0.5454072339318241,1244.5491284833333,0.0,0.0,0.0,0.0,1.0,0.0,1.0,NORMAL,0
43.07,1.0,62.88666666666666,0.31511714194847873,322.82473043333334,0.0,0.0,0.0,0.0,2.0,0.0,1.0,NORMAL,0
29.33,2.0,57.9325,0.4937211409830406,175.51445465,0.0,0.0,0.0,0.0,0.0,0.0,2.0,NORMAL,0
47.55,3.0,52.212,0.08928981843254435,319.82771605,0.0,0.0,0.0,0.0,3.0,0.0,3.0,NORMAL,0
43.13,2.0,51.435,0.16146592787012734,1091.5918172166666,0.0,0.0,0.0,0.0,1.0,0.0,2.0,NORMAL,0
49.73,0.0,50.24857142857143,0.01032012281799067,2191.77355015,0.0,0.0,0.0,0.0,2.0,0.0,0.0,NORMAL,0
302.12,0.0,50.183749999999996,5.020275487583133,1679.9482191499999,1.0,1.0,1.0,1.0,3.0,0.0,0.0,FRAUD,1
36.46,1.0,78.17666666666668,0.5336204323540699,974.6241286999999,0.0,0.0,0.0,0.0,1.0,0.0,1.0,NORMAL,0
253.8,0.0,74.005,2.4294980068914267,2353.618829933333,1.0,1.0,1.0,1.0,4.0,0.0,0.0,FRAUD,1
161.38,0.0,90.35000000000001,0.7861649142224679,2012.9379671,0.0,0.0,0.0,0.0,5.0,0.0,0.0,SUSPICIOUS,0
35.56,1.0,96.26916666666666,0.6306190109328877,809.18968175,0.0,0.0,0.0,0.0,2.0,0.0,1.0,NORMAL,0
36.11,1.0,91.59923076923077,0.6057827156761478,1371.7231548333334,0.0,0.0,0.0,0.0,6.0,0.0,1.0,NORMAL,0
52.63,0.0,87.63571428571429,0.3994457576004564,2757.9904880333333,0.0,0.0,0.0,0.0,0.0,0.0,0.0,SUSPICIOUS,0
40.46,1.0,85.30199999999999,0.5256852125389792,677.2475654333334,0.0,0.0,0.0,0.0,3.0,0.0,1.0,NORMAL,0
350.97,0.0,82.499375,3.2542140470761147,2704.9295797833333,1.0,1.0,1.0,1.0,7.0,0.0,0.0,FRAUD,1
48.19,0.0,98.29176470588236,0.5097249485325801,2296.06286545,0.0,0.0,0.0,0.0,4.0,0.0,0.0,NORMAL,0
49.76,0.0,95.50833333333334,0.47899834220399623,2750.8172114999998,0.0,0.0,0.0,0.0,4.0,0.0,0.0,NORMAL,0
55.85,0.0,93.10052631578948,0.40011080269770655,2017.5384724833334,0.0,0.0,0.0,0.0,5.0,0.0,0.0,NORMAL,0
148.43,0.0,91.238,0.6268440781253426,2600.2118431999997,0.0,0.0,0.0,0.0,8.0,0.0,0.0,SUSPICIOUS,0
44.45,0.0,93.96142857142857,0.5269335441594575,2657.943800833333,0.0,0.0,0.0,0.0,9.0,0.0,0.0,NORMAL,0
51.29,1.0,91.7109090909091,0.4407426498285126,962.4704118000001,0.0,0.0,0.0,0.0,6.0,0.0,1.0,NORMAL,0
36.82,0.0,89.95347826086956,0.590677306627097,2089.7307179333334,0.0,0.0,0.0,0.0,5.0,0.0,0.0,NORMAL,0
41.54,1.0,87.73958333333333,0.5265534845067078,750.6360082,0.0,0.0,0.0,0.0,7.0,0.0,1.0,NORMAL,0
86.18,0.0,0.0,0.0,10080.0,0.0,0.0,0.0,0.0,0.0,0.0,0.0,NORMAL,0
150.44,0.0,86.18,0.7456486423764213,1664.0590030166668,0.0,0.0,0.0,0.0,1.0,0.0,0.0,NORMAL,0
130.85,1.0,118.31,0.1059927309610345,1055.0785231666666,0.0,0.0,0.0,0.0,0.0,0.0,1.0,NORMAL,0
139.82,1.0,122.49000000000001,0.1414809372193647,1142.1277911500001,0.0,0.0,0.0,0.0,1.0,0.0,1.0,NORMAL,0
117.74,1.0,126.82249999999999,0.07161584103767073,635.1307805666668,0.0,0.0,0.0,0.0,2.0,0.0,1.0,NORMAL,0
102.58,0.0,125.006,0.1793993888293362,2153.0502427,0.0,0.0,1.0,0.0,2.0,0.0,0.0,SUSPICIOUS,0
132.6,0.0,121.26833333333333,0.09344291584777557,2870.94288915,0.0,0.0,0.0,0.0,3.0,0.0,0.0,SUSPICIOUS,0
141.0,0.0,122.88714285714286,0.1473942409411655,2029.69972985,0.0,0.0,0.0,0.0,0.0,0.0,0.0,NORMAL,0
164.49,0.0,125.15125,0.31432966111005683,2335.1432063833336,0.0,0.0,0.0,0.0,0.0,0.0,0.0,SUSPICIOUS,0
116.76,1.0,129.52222222222224,0.09853307025821403,865.6185078333333,0.0,0.0,0.0,0.0,1.0,0.0,1.0,SUSPICIOUS,0
146.16,0.0,128.246,0.13968466852767328,2852.1632981166667,0.0,0.0,0.0,0.0,1.0,0.0,0.0,SUSPICIOUS,0
1223.5,1.0,129.87454545454545,8.420629698590247,817.5143747,1.0,1.0,1.0,1.0,3.0,0.0,1.0,FRAUD,1
164.7,0.0,221.01,0.2547848513641917,1887.4180734333333,0.0,0.0,0.0,0.0,4.0,0.0,0.0,NORMAL,0
129.13,0.0,216.67846153846156,0.4040478269821999,2584.6047817666667,0.0,0.0,0.0,0.0,5.0,0.0,0.0,NORMAL,0
1074.68,0.0,210.42499999999998,4.107187834145183,1955.4853745,1.0,1.0,1.0,1.0,6.0,0.0,0.0,FRAUD,1
117.33,0.0,268.04200000000003,0.5622700920005075,2805.7322761333335,0.0,0.0,0.0,0.0,2.0,0.0,0.0,NORMAL,0
111.39,0.0,258.6225,0.5692950149348955,2792.9953215166665,0.0,0.0,0.0,0.0,4.0,0.0,0.0,NORMAL,0
132.02,1.0,249.9617647058824,0.47183922246931886,347.4385051333333,0.0,0.0,0.0,0.0,3.0,0.0,1.0,NORMAL,0
98.56,0.0,243.40944444444443,0.595085555431292,2854.605221233333,0.0,0.0,0.0,0.0,4.0,0.0,0.0,NORMAL,0
139.1,1.0,235.78578947368422,0.4100577464380024,1104.1580425,0.0,0.0,0.0,0.0,5.0,0.0,1.0,NORMAL,0
138.73,1.0,230.95149999999998,0.39931111077434006,1412.0137993166668,0.0,0.0,0.0,0.0,5.0,0.0,1.0,NORMAL,0
142.7,0.0,226.56,0.37014477401129947,1652.75000595,0.0,0.0,0.0,0.0,6.0,0.0,0.0,NORMAL,0
153.91,0.0,222.74818181818182,0.3090403758014554,1858.5707691666669,0.0,0.0,0.0,0.0,7.0,0.0,0.0,NORMAL,0
960.49,1.0,219.75521739130434,3.3707267176720346,188.49411753333334,1.0,1.0,1.0,1.0,7.0,0.0,1.0,FRAUD,1
136.21,0.0,250.61916666666664,0.4565060533412248,2411.9516824666666,0.0,0.0,0.0,0.0,8.0,0.0,0.0,NORMAL,0
370.0,0.0,0.0,0.0,10080.0,0.0,0.0,0.0,0.0,0.0,0.0,0.0,SUSPICIOUS,0
143.21,1.0,370.0,0.6129459459459459,598.7047332166666,0.0,0.0,0.0,0.0,0.0,0.0,1.0,NORMAL,0
167.26,0.0,256.605,0.34818105648759773,2822.314321683333,0.0,0.0,0.0,0.0,0.0,0.0,0.0,NORMAL,0
133.05,1.0,226.82333333333335,0.4134201360824136,719.7207817333333,0.0,0.0,0.0,0.0,1.0,0.0,1.0,NORMAL,0
168.38,0.0,203.38,0.17209165109646968,1664.5034025,0.0,0.0,0.0,0.0,1.0,0.0,0.0,NORMAL,0
159.61,1.0,196.38,0.18723902637743142,687.426422,0.0,0.0,0.0,0.0,2.0,0.0,1.0,NORMAL,0
134.56,0.0,190.25166666666667,0.29272630112745396,1736.5629682666665,0.0,0.0,0.0,0.0,3.0,0.0,0.0,NORMAL,0
115.99,0.0,182.29571428571427,0.3637261278769973,1586.2649067833333,0.0,0.0,0.0,0.0,1.0,0.0,0.0,NORMAL,0
145.7,1.0,174.0075,0.1626797695501631,245.2722148,0.0,0.0,0.0,0.0,2.0,0.0,1.0,NORMAL,0
165.2,2.0,170.86222222222221,0.0331391114348143,780.2547022,0.0,0.0,0.0,0.0,3.0,0.0,2.0,NORMAL,0
122.69,0.0,170.296,0.27954855075867896,1895.1320843333333,0.0,0.0,1.0,0.0,4.0,0.0,0.0,SUSPICIOUS,0
170.56,1.0,165.96818181818182,0.027666858379207415,80.46494668333334,0.0,0.0,0.0,0.0,5.0,0.0,1.0,NORMAL,0
124.93,0.0,166.35083333333333,0.2489968490289097,1533.4452555833334,0.0,0.0,0.0,0.0,2.0,0.0,0.0,NORMAL,0
122.29,1.0,163.1646153846154,0.2505115173915913,964.5288598833333,0.0,0.0,0.0,0.0,6.0,0.0,1.0,NORMAL,0
983.48,2.0,160.24499999999998,5.1373521794751795,287.49926200000004,1.0,1.0,1.0,1.0,7.0,0.0,2.0,FRAUD,1
127.02,2.0,215.12733333333333,0.4095589898695656,1008.73920815,0.0,0.0,0.0,0.0,4.0,0.0,2.0,NORMAL,0
118.3,2.0,209.620625,0.4356471363445272,290.716122,0.0,0.0,0.0,0.0,8.0,0.0,2.0,NORMAL,0
165.39,0.0,204.24882352941177,0.1902523738346827,2788.0328155,0.0,0.0,0.0,0.0,5.0,0.0,0.0,NORMAL,0
113.06,1.0,202.09,0.4405462912563709,372.6425117666667,0.0,0.0,0.0,0.0,9.0,0.0,1.0,NORMAL,0
160.57,2.0,197.40421052631578,0.18659283116661513,157.93293351666668,0.0,0.0,0.0,0.0,0.0,0.0,2.0,SUSPICIOUS,0
125.71,0.0,195.5625,0.35718759987216364,2037.3051557333333,0.0,0.0,0.0,0.0,6.0,0.0,0.0,NORMAL,0
538.69,0.0,192.23619047619047,1.8022298957631488,1502.18906285,0.0,0.0,0.0,0.0,7.0,0.0,0.0,SUSPICIOUS,0
131.15,1.0,207.9840909090909,0.3694229235190628,1174.3234905833333,0.0,0.0,0.0,0.0,10.0,0.0,1.0,NORMAL,0
88.16,1.0,204.64347826086959,0.5692020056089063,480.53512285,0.0,0.0,0.0,0.0,11.0,0.0,1.0,NORMAL,0
65.18,0.0,199.79,0.6737574453175834,2771.266036233333,0.0,0.0,0.0,0.0,3.0,0.0,0.0,NORMAL,0
197.2,0.0,0.0,0.0,10080.0,0.0,0.0,0.0,0.0,0.0,0.0,0.0,NORMAL,0
170.43,1.0,197.2,0.1357505070993914,26.95219825,0.0,0.0,0.0,0.0,1.0,1.0,1.0,NORMAL,0
1669.94,0.0,183.815,8.084895139134456,2877.6085970999998,1.0,1.0,1.0,1.0,0.0,0.0,0.0,FRAUD,1
188.5,1.0,679.19,0.7224635227255997,1060.9043932666666,0.0,0.0,0.0,0.0,0.0,0.0,1.0,NORMAL,0
208.06,0.0,556.5175,0.6261393397332519,2792.99943205,0.0,0.0,0.0,0.0,1.0,0.0,0.0,NORMAL,0
186.37,1.0,486.826,0.6171732816242353,865.8375517833333,0.0,0.0,0.0,0.0,2.0,0.0,1.0,NORMAL,0
1886.38,0.0,436.75,3.3191299370349174,2658.863996833333,1.0,1.0,1.0,1.0,3.0,0.0,0.0,FRAUD,1
222.93,1.0,643.84,0.6537493787276342,1329.0570399666665,0.0,0.0,0.0,0.0,2.0,0.0,1.0,NORMAL,0
194.8,1.0,591.22625,0.670515306111662,1024.9258987333333,0.0,0.0,0.0,0.0,1.0,0.0,1.0,NORMAL,0
260.79,0.0,547.178888888889,0.5233917000534053,1526.6235206833333,0.0,0.0,1.0,0.0,3.0,0.0,0.0,SUSPICIOUS,0
209.83,1.0,518.5400000000001,0.5953446214371119,655.7976993333334,0.0,0.0,0.0,0.0,4.0,0.0,1.0,NORMAL,0
188.92,0.0,490.47545454545457,0.6148227230349773,2570.1637908666667,0.0,0.0,0.0,0.0,5.0,0.0,0.0,NORMAL,0
553.25,1.0,465.34583333333336,0.18890072795322468,407.9990294666667,0.0,0.0,0.0,0.0,4.0,0.0,1.0,SUSPICIOUS,0
218.6,2.0,472.10769230769233,0.5369700524652133,824.8019219166667,0.0,0.0,0.0,0.0,2.0,0.0,2.0,NORMAL,0
225.05,1.0,454.0,0.504295154185022,1383.49378755,0.0,0.0,0.0,0.0,6.0,0.0,1.0,NORMAL,0
136.94,1.0,438.7366666666667,0.6878765546531329,1411.5809556166666,0.0,0.0,0.0,0.0,7.0,0.0,1.0,NORMAL,0
206.7,0.0,419.874375,0.5077098953704903,2428.9628137166665,0.0,0.0,0.0,0.0,3.0,0.0,0.0,NORMAL,0
195.12,1.0,407.334705882353,0.5209836108186793,368.47916465,0.0,0.0,0.0,0.0,4.0,0.0,1.0,NORMAL,0
181.87,0.0,395.545,0.5402040222983479,2812.284325983333,0.0,0.0,0.0,0.0,8.0,0.0,0.0,SUSPICIOUS,0
787.8,1.0,384.29894736842107,1.0499665830329457,1402.5606469166667,0.0,0.0,0.0,0.0,5.0,0.0,1.0,SUSPICIOUS,0
205.86,0.0,404.47400000000005,0.49104268753986663,2863.4947917166664,0.0,0.0,0.0,0.0,9.0,0.0,0.0,NORMAL,0
559.98,0.0,395.0161904761905,0.4176127801874305,2036.3686236833335,0.0,0.0,0.0,0.0,6.0,0.0,0.0,SUSPICIOUS,0
1597.66,1.0,402.51454545454544,2.9691981769151203,116.26512426666666,0.0,1.0,1.0,1.0,5.0,0.0,1.0,FRAUD,1
197.62,0.0,454.4773913043478,0.5651708890670412,1514.7671769166666,0.0,0.0,0.0,0.0,10.0,0.0,0.0,SUSPICIOUS,0
212.48,0.0,443.77500000000003,0.5211988057010873,1856.4914489166665,0.0,0.0,0.0,0.0,11.0,0.0,0.0,NORMAL,0
217.95,0.0,0.0,0.0,10080.0,0.0,0.0,0.0,0.0,0.0,0.0,0.0,NORMAL,0
210.67,0.0,217.95,0.0334021564579032,2146.4250200166666,0.0,0.0,0.0,0.0,0.0,0.0,0.0,NORMAL,0
203.35,1.0,214.31,0.051140870701320555,295.58912553333334,0.0,0.0,0.0,0.0,0.0,0.0,1.0,NORMAL,0
221.35,2.0,210.65666666666667,0.05076190325490131,45.26339065,0.0,0.0,0.0,0.0,1.0,1.0,2.0,NORMAL,0
201.36,0.0,213.32999999999998,0.05611025172268303,2136.4735031833334,0.0,0.0,0.0,0.0,1.0,0.0,0.0,NORMAL,0
248.88,1.0,210.936,0.17988394584139258,256.7023919833333,0.0,0.0,0.0,0.0,2.0,0.0,1.0,NORMAL,0
194.66,0.0,217.26,0.10402282978919265,2788.980941583334,0.0,0.0,0.0,0.0,0.0,0.0,0.0,SUSPICIOUS,0
580.01,1.0,214.03142857142856,1.7099291158841825,991.4887621833333,0.0,0.0,0.0,0.0,1.0,0.0,1.0,SUSPICIOUS,0
197.38,0.0,259.77875,0.24019959292282378,1588.1245900666665,0.0,0.0,0.0,0.0,2.0,0.0,0.0,NORMAL,0
196.71,1.0,252.84555555555556,0.2220151959254881,1259.4254436166666,0.0,0.0,0.0,0.0,3.0,0.0,1.0,NORMAL,0
1069.72,1.0,247.23200000000003,3.326786176546725,793.9031935333334,1.0,1.0,1.0,1.0,4.0,0.0,1.0,FRAUD,1
239.25,0.0,322.00363636363636,0.2569959684249754,1481.76363955,0.0,0.0,0.0,0.0,5.0,0.0,0.0,NORMAL,0
248.71,0.0,315.1075,0.2107138040192633,2245.9156265666666,0.0,0.0,0.0,0.0,2.0,0.0,0.0,NORMAL,0
208.99,0.0,310.0,0.32583870967741935,1707.7320578833335,0.0,0.0,0.0,0.0,3.0,0.0,0.0,NORMAL,0
214.36,0.0,302.78499999999997,0.29203890549399725,2456.0133757666667,0.0,0.0,0.0,0.0,3.0,0.0,0.0,NORMAL,0
246.1,1.0,296.89000000000004,0.17107346155141648,844.75763095,0.0,0.0,0.0,0.0,4.0,0.0,1.0,NORMAL,0
241.71,0.0,293.715625,0.17706114545319127,2516.1022892666665,0.0,0.0,0.0,0.0,6.0,0.0,0.0,NORMAL,0
1935.87,0.0,290.65647058823527,5.660336843979957,1824.3305951333334,1.0,1.0,1.0,1.0,7.0,0.0,0.0,FRAUD,1
223.59,0.0,382.0572222222222,0.41477352868898343,1763.39936525,0.0,0.0,0.0,0.0,5.0,0.0,0.0,NORMAL,0
1153.55,1.0,373.71684210526314,2.0866952463306023,513.9370773166667,1.0,1.0,1.0,1.0,8.0,0.0,1.0,FRAUD,1
213.83,1.0,412.7085,0.48188612543720327,937.9319505333333,0.0,0.0,0.0,0.0,6.0,0.0,1.0,NORMAL,0
1405.79,1.0,403.23809523809524,2.486252952290978,1065.4713792333334,1.0,1.0,1.0,1.0,4.0,0.0,1.0,FRAUD,1
251.31,0.0,448.8086363636363,0.44005088218404476,2102.525497716667,0.0,0.0,0.0,0.0,5.0,0.0,0.0,NORMAL,0
170.07,0.0,440.2217391304348,0.6136719637336916,1981.4922562,0.0,0.0,0.0,0.0,7.0,0.0,0.0,NORMAL,0
1840.99,1.0,428.96541666666667,3.2916979515636946,710.8595204666667,1.0,1.0,1.0,1.0,9.0,0.0,1.0,FRAUD,1
21.7,0.0,0.0,0.0,10080.0,0.0,0.0,0.0,0.0,0.0,0.0,0.0,NORMAL,0
16.57,0.0,21.7,0.236405529953917,2219.31805775,0.0,0.0,0.0,0.0,1.0,0.0,0.0,NORMAL,0
20.96,0.0,19.134999999999998,0.0953749673373401,2456.7178942833334,0.0,0.0,0.0,0.0,0.0,0.0,0.0,NORMAL,0
23.26,0.0,19.743333333333336,0.1781191963531993,2570.729698416667,0.0,0.0,0.0,0.0,0.0,0.0,0.0,SUSPICIOUS,0
23.56,0.0,20.622500000000002,0.14244150806158304,1809.3943415666665,0.0,0.0,0.0,0.0,1.0,0.0,0.0,NORMAL,0
23.25,1.0,21.21,0.09618104667609614,858.8264237833333,0.0,0.0,0.0,0.0,2.0,0.0,1.0,NORMAL,0
22.22,1.0,21.55,0.03109048723897903,1233.5872348666667,0.0,0.0,0.0,0.0,2.0,0.0,1.0,NORMAL,0
25.02,1.0,21.645714285714288,0.15588701161562818,1111.7537023666666,0.0,0.0,1.0,0.0,3.0,0.0,1.0,SUSPICIOUS,0
22.47,1.0,22.0675,0.018239492466296584,1032.9029162,0.0,0.0,0.0,0.0,4.0,0.0,1.0,NORMAL,0
21.52,0.0,22.112222222222222,0.026782573740013076,2579.915575,0.0,0.0,0.0,0.0,3.0,0.0,0.0,NORMAL,0
65.72,1.0,22.053,1.980093411327257,1228.1528325166666,0.0,0.0,0.0,0.0,0.0,0.0,1.0,SUSPICIOUS,0
28.66,0.0,26.022727272727273,0.10134497816593885,1440.84674745,0.0,0.0,0.0,0.0,5.0,0.0,0.0,NORMAL,0
15.45,0.0,26.242499999999996,0.41126036010288647,2241.3513295166663,0.0,0.0,0.0,0.0,1.0,0.0,0.0,NORMAL,0
15.03,0.0,25.412307692307692,0.40855430439520524,2079.1411144833332,0.0,0.0,0.0,0.0,6.0,0.0,0.0,SUSPICIOUS,0
18.57,1.0,24.670714285714286,0.24728567706071397,421.77531415,0.0,0.0,0.0,0.0,2.0,0.0,1.0,NORMAL,0
23.43,1.0,24.264,0.034371909000989104,1019.3975693666667,0.0,0.0,0.0,0.0,4.0,0.0,1.0,NORMAL,0
19.67,0.0,24.211875,0.18758873486667174,2311.353028183333,0.0,0.0,0.0,0.0,3.0,0.0,0.0,NORMAL,0
27.26,0.0,23.94470588235294,0.1384562472362797,1584.8010357833334,0.0,0.0,0.0,0.0,4.0,0.0,0.0,NORMAL,0
25.3,0.0,24.128888888888888,0.04853564192300616,1520.4426472333332,0.0,0.0,0.0,0.0,7.0,0.0,0.0,SUSPICIOUS,0
105.38,1.0,24.190526315789473,3.3562508158913884,14.23718795,1.0,1.0,1.0,1.0,5.0,1.0,1.0,FRAUD,1
58.42,2.0,28.25,1.0679646017699116,1329.1562208833334,0.0,0.0,0.0,0.0,8.0,0.0,2.0,SUSPICIOUS,0
140.86,1.0,29.686666666666664,3.7448910846620262,402.0409729333333,1.0,1.0,1.0,1.0,6.0,0.0,1.0,FRAUD,1
59.2,0.0,34.74,0.7040875071963155,2412.7944971166667,0.0,0.0,0.0,0.0,5.0,0.0,0.0,SUSPICIOUS,0
20.78,1.0,35.80347826086957,0.41960946228202267,227.48566233333335,0.0,0.0,0.0,0.0,9.0,0.0,1.0,NORMAL,0
136.2,0.0,35.1775,2.871793049534503,1521.89140845,0.0,0.0,1.0,1.0,7.0,0.0,0.0,FRAUD,1
69.7,0.0,0.0,0.0,10080.0,0.0,0.0,0.0,0.0,0.0,0.0,0.0,NORMAL,0
87.28,0.0,69.7,0.2522238163558106,2731.2474018333332,0.0,0.0,0.0,0.0,0.0,0.0,0.0,NORMAL,0
674.0,1.0,78.49000000000001,7.587081156835264,659.3028942333333,1.0,1.0,1.0,1.0,1.0,0.0,1.0,FRAUD,1
100.1,2.0,276.99333333333334,0.6386194613588775,533.9359028,0.0,0.0,1.0,0.0,0.0,0.0,2.0,SUSPICIOUS,0
85.35,0.0,232.77,0.633329037247068,1881.8596624499999,0.0,0.0,0.0,0.0,1.0,0.0,0.0,NORMAL,0
63.4,1.0,203.286,0.6881241206969491,565.6557136833333,0.0,0.0,0.0,0.0,2.0,0.0,1.0,NORMAL,0
75.44,0.0,179.97166666666666,0.5808229073094839,2244.263326033333,0.0,0.0,0.0,0.0,2.0,0.0,0.0,NORMAL,0
275.5,0.0,165.03857142857143,0.6693067421468575,1722.0963122333335,0.0,0.0,0.0,0.0,3.0,0.0,0.0,SUSPICIOUS,0
84.73,1.0,178.84625,0.5262411149241317,99.02215925,0.0,0.0,0.0,0.0,3.0,0.0,1.0,NORMAL,0
411.89,2.0,168.38888888888889,1.4460640052787859,892.9303644166666,0.0,0.0,1.0,1.0,4.0,0.0,2.0,FRAUD,1
69.67,0.0,192.73899999999998,0.6385267122896766,1945.0487645,0.0,0.0,0.0,0.0,4.0,0.0,0.0,NORMAL,0
73.57,0.0,181.55090909090907,0.5947693108870039,1691.1934768833335,0.0,0.0,0.0,0.0,0.0,0.0,0.0,SUSPICIOUS,0
68.1,1.0,172.5525,0.605337505976442,232.33571841666665,0.0,0.0,0.0,0.0,5.0,0.0,1.0,NORMAL,0
480.8,2.0,164.5176923076923,1.9224820337302981,468.84915406666664,1.0,1.0,1.0,1.0,5.0,0.0,2.0,FRAUD,1
56.12,0.0,187.10928571428573,0.7000683328688734,2054.479369766667,0.0,0.0,0.0,0.0,6.0,0.0,0.0,NORMAL,0
685.08,0.0,178.37666666666667,2.8406368545960796,1635.2730758666667,0.0,0.0,1.0,1.0,6.0,0.0,0.0,FRAUD,1
77.54,1.0,210.045625,0.6308421087085246,1313.1177825333332,0.0,0.0,0.0,0.0,7.0,0.0,1.0,NORMAL,0
90.83,1.0,202.25117647058823,0.5509049609251164,262.4448402,0.0,0.0,0.0,0.0,1.0,0.0,1.0,NORMAL,0
93.3,0.0,196.0611111111111,0.5241279646368763,2818.1623284666666,0.0,0.0,0.0,0.0,8.0,0.0,0.0,SUSPICIOUS,0
77.23,0.0,190.65263157894736,0.5949177340989399,2474.7753560666665,0.0,0.0,0.0,0.0,2.0,0.0,0.0,NORMAL,0
73.81,0.0,184.9815,0.600987125739601,1478.8653701333335,0.0,0.0,0.0,0.0,9.0,0.0,0.0,NORMAL,0
282.83,1.0,179.68761904761905,0.5740093919606511,761.3660416666667,0.0,0.0,0.0,0.0,7.0,0.0,1.0,SUSPICIOUS,0
86.26,0.0,184.3759090909091,0.532151459345655,1617.7403594166667,0.0,0.0,0.0,0.0,3.0,0.0,0.0,NORMAL,0
89.79,1.0,180.10999999999999,0.5014713230803397,215.74071778333334,0.0,0.0,0.0,0.0,4.0,0.0,1.0,NORMAL,0
82.11,1.0,176.34666666666666,0.5343830334190232,1344.9322110666667,0.0,0.0,0.0,0.0,10.0,0.0,1.0,NORMAL,0
367.44,0.0,0.0,0.0,10080.0,0.0,0.0,0.0,0.0,0.0,0.0,0.0,SUSPICIOUS,0
101.17,0.0,367.44,0.7246625299368604,2869.76347905,0.0,0.0,0.0,0.0,1.0,0.0,0.0,NORMAL,0
130.01,0.0,234.305,0.44512494398326974,2732.0857965166665,0.0,0.0,0.0,0.0,0.0,0.0,0.0,NORMAL,0
136.1,1.0,199.54,0.3179312418562694,96.02303205,0.0,0.0,0.0,0.0,2.0,0.0,1.0,NORMAL,0
73.71,2.0,183.68,0.598704268292683,619.3714685,0.0,0.0,0.0,0.0,3.0,0.0,2.0,NORMAL,0
110.57,2.0,161.68599999999998,0.31614363643110716,730.4528831333333,0.0,0.0,0.0,0.0,4.0,0.0,2.0,NORMAL,0
325.8,0.0,153.16666666666666,1.1270946681175193,2052.882062466667,0.0,0.0,0.0,0.0,0.0,0.0,0.0,SUSPICIOUS,0
112.19,0.0,177.82857142857142,0.36911150385604113,2597.318352533333,0.0,0.0,0.0,0.0,1.0,0.0,0.0,NORMAL,0
139.14,1.0,169.62375,0.17971392567373387,1372.5853270333332,0.0,0.0,0.0,0.0,5.0,0.0,1.0,NORMAL,0
119.32,0.0,166.23666666666665,0.28222814862344847,2628.8061285666668,0.0,0.0,0.0,0.0,2.0,0.0,0.0,NORMAL,0
99.48,1.0,161.54500000000002,0.3841963539571018,421.6299465,0.0,0.0,0.0,0.0,3.0,0.0,1.0,NORMAL,0
688.57,0.0,155.90272727272728,3.416664237024252,2582.5441970999996,1.0,1.0,1.0,1.0,4.0,0.0,0.0,FRAUD,1
96.7,0.0,200.29166666666666,0.5172040773871437,2398.6361194166666,0.0,0.0,0.0,0.0,5.0,0.0,0.0,NORMAL,0
1199.42,1.0,192.3230769230769,5.236485081193505,634.3218467,0.0,0.0,1.0,1.0,1.0,0.0,1.0,FRAUD,1
135.39,1.0,264.25857142857143,0.4876608949027198,1051.5452595333334,0.0,0.0,0.0,0.0,2.0,0.0,1.0,NORMAL,0
881.45,0.0,255.66733333333335,2.44764420431759,1440.5015273,1.0,1.0,1.0,1.0,6.0,0.0,0.0,FRAUD,1
142.02,1.0,294.77875,0.5182149323857299,1237.1745064166666,0.0,0.0,0.0,0.0,7.0,0.0,1.0,NORMAL,0
92.8,1.0,285.7929411764706,0.6752893909206171,825.1702850333334,0.0,0.0,0.0,0.0,3.0,0.0,1.0,NORMAL,0
506.05,0.0,275.0711111111111,0.8397060962013863,2469.0101458,1.0,1.0,1.0,1.0,4.0,0.0,0.0,FRAUD,1
708.65,0.0,287.2278947368421,1.4672046586884064,2166.4627043833334,0.0,0.0,1.0,1.0,5.0,0.0,0.0,FRAUD,1
121.14,1.0,308.29900000000004,0.6070697602003251,1312.6062746333334,0.0,0.0,0.0,0.0,6.0,0.0,1.0,NORMAL,0
482.7,1.0,299.38666666666666,0.6122962501113387,1013.6637255833334,0.0,0.0,0.0,0.0,6.0,0.0,1.0,SUSPICIOUS,0
94.29,0.0,307.7190909090909,0.693584172105019,2254.0314593166668,0.0,0.0,0.0,0.0,8.0,0.0,0.0,NORMAL,0
313.54,0.0,298.4395652173913,0.05059796535894682,2415.8035183166667,0.0,0.0,0.0,0.0,7.0,0.0,0.0,SUSPICIOUS,0
112.22,0.0,299.06875,0.6247685523813504,2277.9261085833336,0.0,0.0,0.0,0.0,0.0,0.0,0.0,SUSPICIOUS,0
140.65,0.0,0.0,0.0,10080.0,0.0,0.0,0.0,0.0,0.0,0.0,0.0,NORMAL,0
653.31,1.0,140.65,3.6449342339139705,1128.0432176333334,0.0,0.0,0.0,0.0,1.0,0.0,1.0,SUSPICIOUS,0
812.07,2.0,396.97999999999996,1.0456194266713692,292.1869534,0.0,0.0,0.0,0.0,2.0,0.0,2.0,SUSPICIOUS,0
177.41,2.0,535.3433333333334,0.6686051941744551,591.6136453666667,0.0,0.0,0.0,0.0,3.0,0.0,2.0,NORMAL,0
206.21,0.0,445.86,0.5375005607141256,2219.072633216667,0.0,0.0,0.0,0.0,0.0,0.0,0.0,NORMAL,0
190.6,1.0,397.93,0.5210212851506547,1309.9517963333335,0.0,0.0,0.0,0.0,1.0,0.0,1.0,NORMAL,0
217.23,0.0,363.375,0.40218782249742,1881.3502962333334,0.0,0.0,0.0,0.0,4.0,0.0,0.0,NORMAL,0
153.44,0.0,342.4971428571429,0.5519962627425463,2220.1054164,0.0,0.0,0.0,0.0,2.0,0.0,0.0,NORMAL,0
221.25,0.0,318.865,0.30613268938265414,1809.25683775,0.0,0.0,0.0,0.0,0.0,0.0,0.0,NORMAL,0
199.98,1.0,308.0188888888889,0.35075410238188864,413.6348998666666,0.0,0.0,0.0,0.0,3.0,0.0,1.0,NORMAL,0
200.47,1.0,297.21500000000003,0.32550510573154123,1426.4602770833333,0.0,0.0,0.0,0.0,4.0,0.0,1.0,NORMAL,0
1349.52,1.0,288.42,3.679009777407946,217.45733686666665,1.0,1.0,1.0,1.0,5.0,0.0,1.0,FRAUD,1
1590.59,2.0,376.845,3.220806963075004,864.62182035,1.0,1.0,1.0,1.0,1.0,0.0,2.0,FRAUD,1
856.61,0.0,470.21,0.8217604899938327,2137.6366865666664,0.0,0.0,1.0,1.0,6.0,0.0,0.0,FRAUD,1
600.59,1.0,497.81,0.2064643136939797,1054.6957089,0.0,0.0,0.0,0.0,5.0,0.0,1.0,SUSPICIOUS,0
1753.53,1.0,504.66200000000003,2.4746622491885657,1390.0461825,1.0,1.0,1.0,1.0,2.0,0.0,1.0,FRAUD,1
235.01,1.0,582.71625,0.5966990795262702,1155.4337437666666,0.0,0.0,0.0,0.0,7.0,0.0,1.0,NORMAL,0
166.35,0.0,562.2629411764706,0.7041419808818775,2770.4181135999997,0.0,0.0,0.0,0.0,6.0,0.0,0.0,NORMAL,0
205.95,0.0,540.2677777777777,0.6188001423162588,2747.11220275,0.0,0.0,0.0,0.0,8.0,0.0,0.0,NORMAL,0
149.89,0.0,522.672105263158,0.7132236473103295,1796.2461056833333,0.0,0.0,0.0,0.0,9.0,0.0,0.0,NORMAL,0
267.09,1.0,504.033,0.4700942200213082,1020.2791638666666,0.0,0.0,1.0,0.0,7.0,0.0,1.0,SUSPICIOUS,0
156.94,0.0,492.75,0.6815017757483511,1692.6622039833335,0.0,0.0,0.0,0.0,8.0,0.0,0.0,NORMAL,0
207.64,1.0,477.4859090909091,0.5651389998181765,335.50396435000005,0.0,0.0,0.0,0.0,3.0,0.0,1.0,SUSPICIOUS,0
228.61,2.0,465.75347826086954,0.5091609388433701,1075.0253532666668,0.0,0.0,0.0,0.0,0.0,0.0,2.0,SUSPICIOUS,0
230.2,0.0,455.8725,0.4950342475143818,2066.0907351833334,0.0,0.0,0.0,0.0,10.0,0.0,0.0,NORMAL,0
54.91,0.0,0.0,0.0,10080.0,0.0,0.0,0.0,0.0,0.0,0.0,0.0,NORMAL,0
53.12,0.0,54.91,0.03259879803314513,2571.5163937833336,0.0,0.0,0.0,0.0,0.0,0.0,0.0,NORMAL,0
54.69,1.0,54.015,0.012496528742016054,1425.5670705166667,0.0,0.0,0.0,0.0,0.0,0.0,1.0,NORMAL,0
46.62,1.0,54.24,0.1404867256637169,362.64235978333335,0.0,0.0,0.0,0.0,1.0,0.0,1.0,NORMAL,0
196.85,0.0,52.334999999999994,2.761345180089806,1855.89783285,0.0,0.0,0.0,0.0,1.0,0.0,0.0,SUSPICIOUS,0
61.12,1.0,81.238,0.24764272877224947,1163.6782102333334,0.0,0.0,1.0,0.0,1.0,0.0,1.0,SUSPICIOUS,0
53.22,0.0,77.885,0.316684855877255,2084.631046416667,0.0,0.0,0.0,0.0,2.0,0.0,0.0,NORMAL,0
49.47,0.0,74.36142857142856,0.33473575010085865,1605.2378787666667,0.0,0.0,0.0,0.0,2.0,0.0,0.0,NORMAL,0
241.53,0.0,71.25,2.389894736842105,2445.084227,1.0,1.0,1.0,1.0,2.0,0.0,0.0,FRAUD,1
63.04,1.0,90.17,0.30087612287900634,308.15998483333334,0.0,0.0,0.0,0.0,3.0,0.0,1.0,NORMAL,0
139.5,0.0,87.457,0.5950695770492929,2340.4984430166664,0.0,0.0,0.0,0.0,3.0,0.0,0.0,SUSPICIOUS,0
46.66,0.0,92.18818181818182,0.49386137051682827,2728.09432995,0.0,0.0,0.0,0.0,4.0,0.0,0.0,NORMAL,0
35.38,0.0,88.39416666666666,0.5997473438103947,1682.84450885,0.0,0.0,0.0,0.0,3.0,0.0,0.0,NORMAL,0
390.69,0.0,84.31615384615384,3.6336316610559165,2557.5326375833333,1.0,1.0,1.0,1.0,4.0,0.0,0.0,FRAUD,1
59.0,0.0,106.2,0.4444444444444445,2226.5787810166667,0.0,0.0,0.0,0.0,5.0,0.0,0.0,NORMAL,0
70.81,0.0,103.05333333333333,0.31288006210376496,2050.5100758,0.0,0.0,0.0,0.0,5.0,0.0,0.0,NORMAL,0
62.19,1.0,101.038125,0.3844897656206506,179.20715241666667,0.0,0.0,0.0,0.0,6.0,0.0,1.0,NORMAL,0
49.37,2.0,98.75294117647059,0.5000655229926138,546.0746934166667,0.0,0.0,0.0,0.0,7.0,0.0,2.0,NORMAL,0
41.25,0.0,96.00944444444445,0.570354768338763,2442.597257666667,0.0,0.0,0.0,0.0,8.0,0.0,0.0,NORMAL,0
59.8,1.0,93.12736842105264,0.35786868013247286,1114.1447020333333,0.0,0.0,0.0,0.0,4.0,0.0,1.0,NORMAL,0
484.34,0.0,91.461,4.295590470255081,1978.32848365,0.0,0.0,1.0,1.0,9.0,0.0,0.0,FRAUD,1
45.15,0.0,110.16952380952381,0.5901770431715624,2575.6378081333332,0.0,0.0,0.0,0.0,6.0,0.0,0.0,NORMAL,0
50.91,1.0,107.21409090909091,0.5251556995137173,346.06948166666666,0.0,0.0,0.0,0.0,5.0,0.0,1.0,NORMAL,0
51.82,2.0,104.76608695652173,0.5053742913820436,438.88201288333335,0.0,0.0,0.0,0.0,10.0,0.0,2.0,NORMAL,0
162.4,0.0,102.56,0.5834633385335414,1870.1389045,0.0,0.0,0.0,0.0,11.0,0.0,0.0,SUSPICIOUS,0
209.79,0.0,0.0,0.0,10080.0,0.0,0.0,0.0,0.0,0.0,0.0,0.0,NORMAL,0
195.97,1.0,209.79,0.06587539920873252,325.2519497166667,0.0,0.0,0.0,0.0,0.0,0.0,1.0,NORMAL,0
173.7,2.0,202.88,0.14382886435331235,195.24538711666668,0.0,0.0,0.0,0.0,0.0,0.0,2.0,NORMAL,0
201.83,0.0,193.15333333333334,0.04492113346909196,2374.3733206666666,0.0,0.0,0.0,0.0,1.0,0.0,0.0,NORMAL,0
207.52,0.0,195.3225,0.062448002662263795,2264.18127025,0.0,0.0,0.0,0.0,1.0,0.0,0.0,NORMAL,0
189.7,0.0,197.762,0.04076617348125531,2614.9667343833335,0.0,0.0,0.0,0.0,2.0,0.0,0.0,NORMAL,0
192.21,1.0,196.41833333333332,0.021425359139930836,911.63332215,0.0,0.0,0.0,0.0,1.0,0.0,1.0,NORMAL,0
192.89,1.0,195.81714285714287,0.014948348313295333,1370.0023853833334,0.0,0.0,0.0,0.0,3.0,0.0,1.0,NORMAL,0
607.6,1.0,195.45125,2.1087035769789146,496.6639726166667,0.0,0.0,0.0,0.0,2.0,0.0,1.0,SUSPICIOUS,0
172.94,2.0,241.24555555555557,0.28313705261121686,135.83731731666666,0.0,0.0,0.0,0.0,2.0,0.0,2.0,NORMAL,0
197.88,0.0,234.41500000000002,0.15585606723119264,1452.0429572,0.0,0.0,1.0,0.0,3.0,0.0,0.0,SUSPICIOUS,0
1171.27,0.0,231.0936363636364,4.068378421969842,2117.8583217833334,1.0,1.0,1.0,1.0,4.0,0.0,0.0,FRAUD,1
171.35,1.0,309.44166666666666,0.44626073842673636,965.1655127,0.0,0.0,0.0,0.0,5.0,0.0,1.0,NORMAL,0
1322.99,2.0,298.8192307692308,3.427392429176373,65.5701967,1.0,1.0,1.0,1.0,6.0,0.0,2.0,FRAUD,1
220.02,0.0,371.9742857142857,0.408507500518469,2145.305352316667,0.0,0.0,0.0,0.0,7.0,0.0,0.0,NORMAL,0
159.49,0.0,361.844,0.5592299443959275,2590.362252966667,0.0,0.0,0.0,0.0,3.0,0.0,0.0,NORMAL,0
202.99,1.0,349.196875,0.41869468333586884,1008.5806919666667,0.0,0.0,0.0,0.0,8.0,0.0,1.0,NORMAL,0
224.16,0.0,340.5964705882353,0.3418604731491813,2023.07561465,0.0,0.0,0.0,0.0,0.0,0.0,0.0,SUSPICIOUS,0
1086.62,1.0,334.1277777777778,2.2521091398832778,834.88612545,1.0,1.0,1.0,1.0,9.0,0.0,1.0,FRAUD,1
553.76,1.0,373.73263157894735,0.48170096269215823,834.45910705,0.0,0.0,0.0,0.0,4.0,0.0,1.0,SUSPICIOUS,0
157.09,0.0,382.73400000000004,0.5895582832985834,1710.4878304333333,0.0,0.0,0.0,0.0,10.0,0.0,0.0,NORMAL,0
232.45,1.0,371.9890476190476,0.37511601084005286,149.41848051666665,0.0,0.0,0.0,0.0,5.0,0.0,1.0,NORMAL,0
209.86,0.0,365.6463636363637,0.42605746734922717,2055.7284630999998,0.0,0.0,0.0,0.0,4.0,0.0,0.0,NORMAL,0
1210.83,1.0,358.87304347826085,2.373978686903931,98.36084611666666,0.0,0.0,1.0,1.0,11.0,0.0,1.0,FRAUD,1
191.74,2.0,394.37125,0.5138083721873742,899.0546911,0.0,0.0,0.0,0.0,5.0,0.0,2.0,NORMAL,0
143.25,0.0,0.0,0.0,10080.0,0.0,0.0,0.0,0.0,0.0,0.0,0.0,NORMAL,0
185.9,0.0,143.25,0.29773123909249566,2670.53899665,0.0,0.0,0.0,0.0,0.0,0.0,0.0,NORMAL,0
178.32,0.0,164.575,0.08351815281786423,2000.9393581166667,0.0,0.0,0.0,0.0,1.0,0.0,0.0,NORMAL,0
166.29,1.0,169.15666666666667,0.01694681459002507,1235.1211974333335,0.0,0.0,0.0,0.0,0.0,0.0,1.0,NORMAL,0
158.58,0.0,168.44,0.0585371645689859,2209.6961261,0.0,0.0,0.0,0.0,1.0,0.0,0.0,NORMAL,0
186.87,0.0,166.46800000000002,0.12255808924237682,1673.8466306333332,0.0,0.0,0.0,0.0,2.0,0.0,0.0,NORMAL,0
469.23,1.0,169.86833333333334,1.762315911343099,1336.1096684,0.0,0.0,0.0,0.0,2.0,0.0,1.0,SUSPICIOUS,0
139.92,0.0,212.6342857142857,0.34196877267474673,2840.2627046499997,0.0,0.0,0.0,0.0,1.0,0.0,0.0,NORMAL,0
539.94,1.0,203.54500000000002,1.6526812252818788,180.92534848333335,0.0,0.0,0.0,0.0,2.0,0.0,1.0,SUSPICIOUS,0
134.3,0.0,240.92222222222225,0.4425586865286169,2785.9582994166663,0.0,0.0,0.0,0.0,3.0,0.0,0.0,NORMAL,0
229.12,1.0,230.26,0.004950925041257649,24.539601033333334,0.0,0.0,0.0,0.0,3.0,1.0,1.0,NORMAL,0
169.29,2.0,230.15636363636366,0.26445657497669584,6.102635633333334,0.0,0.0,0.0,0.0,4.0,2.0,2.0,NORMAL,0
187.84,0.0,225.08416666666668,0.16546773244082771,2399.2558246,0.0,0.0,0.0,0.0,3.0,0.0,0.0,NORMAL,0
1244.1,1.0,222.21923076923076,4.598525364764526,1168.6977836666667,1.0,1.0,1.0,1.0,4.0,0.0,1.0,FRAUD,1
117.93,1.0,295.2107142857143,0.6005226291147969,413.2060952333333,0.0,0.0,0.0,0.0,0.0,0.0,1.0,SUSPICIOUS,0
187.64,0.0,283.392,0.33787827461607955,1577.1612676500001,0.0,0.0,0.0,0.0,5.0,0.0,0.0,NORMAL,0
180.5,1.0,277.4075,0.34933266043636174,1061.7334569,0.0,0.0,0.0,0.0,4.0,0.0,1.0,NORMAL,0
179.04,1.0,271.70705882352945,0.3410550289888333,1204.1604504666668,0.0,0.0,0.0,0.0,5.0,0.0,1.0,NORMAL,0
178.0,0.0,266.55888888888893,0.3322301096693248,1674.4664245333333,0.0,0.0,0.0,0.0,6.0,0.0,0.0,NORMAL,0
184.16,0.0,261.89789473684215,0.2968251990530662,2773.0772134333333,0.0,0.0,0.0,0.0,5.0,0.0,0.0,NORMAL,0
158.9,0.0,258.011,0.38413478495102926,2465.6829293833334,0.0,0.0,0.0,0.0,6.0,0.0,0.0,NORMAL,0
152.27,1.0,253.29142857142855,0.3988347696611469,186.38882573333333,0.0,0.0,0.0,0.0,7.0,0.0,1.0,NORMAL,0
119.94,2.0,248.69954545454547,0.5177313260432906,805.94957485,0.0,0.0,0.0,0.0,0.0,0.0,2.0,SUSPICIOUS,0
151.1,1.0,243.10130434782607,0.3784484192490874,1088.1263389,0.0,0.0,0.0,0.0,6.0,0.0,1.0,NORMAL,0
130.93,0.0,239.26791666666668,0.4527891502377913,1675.0028417666665,0.0,0.0,0.0,0.0,7.0,0.0,0.0,NORMAL,0
